<profile>

<section name = "Vivado HLS Report for 'matrixmul'" level="0">
<item name = "Date">Sat Nov 19 14:12:09 2016
</item>
<item name = "Version">2016.3 (Build 1682563 on Mon Oct 10 19:41:59 MDT 2016)</item>
<item name = "Project">Matrizes</item>
<item name = "Solution">Pipeline</item>
<item name = "Product family">spartan3e</item>
<item name = "Target device">xc3s500efg320-4</item>
</section>

<section name = "Performance Estimates" level="0">
<item name = "Timing (ns)">
<section name = "" level="1">
<item name = "Summary"><table name="" hasTotal="0">
<keys size="4">Clock, Target, Estimated, Uncertainty</keys>
<column name="ap_clk">10.00, 7.48, 1.25</column>
</table>
</item>
</section>
</item>
<item name = "Latency (clock cycles)">
<section name = "" level="1">
<item name = "Summary"><table name="" hasTotal="0">
<keys size="6">, min, max, min, max, Type</keys>
<column name="">14, 14, 8, 8, function</column>
</table>
</item>
<item name = "Detail">
<section name = "" level="1">
<item name = "Instance"><table name="" hasTotal="0">
<keys size="7">Instance, Module, min, max, min, max, Type</keys>
</table>
</item>
<item name = "Loop"><table name="" hasTotal="0">
<keys size="8">Loop Name, min, max, Latency, achieved, target, Count, Pipelined</keys>
</table>
</item>
</section>
</item>
</section>
</item>
</section>

<section name = "Utilization Estimates" level="0">
<item name = "Summary"><table name="" hasTotal="1">
<keys size="5">Name, BRAM_18K, FF, LUT, MULT18x18</keys>
<column name="DSP">-, -, -, -</column>
<column name="Expression">-, 0, 768, 64</column>
<column name="FIFO">-, -, -, -</column>
<column name="Instance">-, -, -, -</column>
<column name="Memory">-, -, -, -</column>
<column name="Multiplexer">-, -, 910, -</column>
<column name="Register">-, 1770, -, -</column>
<specialColumn name="Available">20, 9312, 9312, 20</specialColumn>
<specialColumn name="Utilization (%)">0, 19, 18, 320</specialColumn>
</table>
</item>
<item name = "Detail">
<section name = "" level="1">
<item name = "Instance"><table name="" hasTotal="1">
<keys size="6">Instance, Module, BRAM_18K, DSP48E, FF, LUT</keys>
</table>
</item>
<item name = "DSP48"><table name="" hasTotal="0">
<keys size="3">Instance, Module, Expression</keys>
</table>
</item>
<item name = "Memory"><table name="" hasTotal="1">
<keys size="9">Memory, Module, BRAM_18K, FF, LUT, Words, Bits, Banks, W*Bits*Banks</keys>
</table>
</item>
<item name = "FIFO"><table name="" hasTotal="1">
<keys size="7">Name, BRAM_18K, FF, LUT, Depth, Bits, Size:D*B</keys>
</table>
</item>
<item name = "Expression"><table name="" hasTotal="1">
<keys size="7">Variable Name, Operation, DSP48E, FF, LUT, Bitwidth P0, Bitwidth P1</keys>
<column name="tmp_2_0_0_1_fu_533_p2">*, 0, 0, 0, 8, 8</column>
<column name="tmp_2_0_0_2_fu_547_p2">*, 0, 0, 0, 8, 8</column>
<column name="tmp_2_0_0_3_fu_561_p2">*, 0, 0, 0, 8, 8</column>
<column name="tmp_2_0_1_1_fu_593_p2">*, 0, 0, 0, 8, 8</column>
<column name="tmp_2_0_1_2_fu_632_p2">*, 0, 0, 0, 8, 8</column>
<column name="tmp_2_0_1_3_fu_641_p2">*, 0, 0, 0, 8, 8</column>
<column name="tmp_2_0_1_fu_584_p2">*, 0, 0, 0, 8, 8</column>
<column name="tmp_2_0_2_1_fu_710_p2">*, 0, 0, 0, 8, 8</column>
<column name="tmp_2_0_2_2_fu_775_p2">*, 0, 0, 0, 8, 8</column>
<column name="tmp_2_0_2_3_fu_784_p2">*, 0, 0, 0, 8, 8</column>
<column name="tmp_2_0_2_fu_701_p2">*, 0, 0, 0, 8, 8</column>
<column name="tmp_2_0_3_1_fu_865_p2">*, 0, 0, 0, 8, 8</column>
<column name="tmp_2_0_3_2_fu_927_p2">*, 0, 0, 0, 8, 8</column>
<column name="tmp_2_0_3_3_fu_936_p2">*, 0, 0, 0, 8, 8</column>
<column name="tmp_2_0_3_fu_856_p2">*, 0, 0, 0, 8, 8</column>
<column name="tmp_2_1_0_1_fu_611_p2">*, 0, 0, 0, 8, 8</column>
<column name="tmp_2_1_0_2_fu_654_p2">*, 0, 0, 0, 8, 8</column>
<column name="tmp_2_1_0_3_fu_663_p2">*, 0, 0, 0, 8, 8</column>
<column name="tmp_2_1_1_1_fu_622_p2">*, 0, 0, 0, 8, 8</column>
<column name="tmp_2_1_1_2_fu_672_p2">*, 0, 0, 0, 8, 8</column>
<column name="tmp_2_1_1_3_fu_678_p2">*, 0, 0, 0, 8, 8</column>
<column name="tmp_2_1_1_fu_616_p2">*, 0, 0, 0, 8, 8</column>
<column name="tmp_2_1_2_1_fu_738_p2">*, 0, 0, 0, 8, 8</column>
<column name="tmp_2_1_2_2_fu_793_p2">*, 0, 0, 0, 8, 8</column>
<column name="tmp_2_1_2_3_fu_798_p2">*, 0, 0, 0, 8, 8</column>
<column name="tmp_2_1_2_fu_733_p2">*, 0, 0, 0, 8, 8</column>
<column name="tmp_2_1_3_1_fu_884_p2">*, 0, 0, 0, 8, 8</column>
<column name="tmp_2_1_3_2_fu_945_p2">*, 0, 0, 0, 8, 8</column>
<column name="tmp_2_1_3_3_fu_950_p2">*, 0, 0, 0, 8, 8</column>
<column name="tmp_2_1_3_fu_879_p2">*, 0, 0, 0, 8, 8</column>
<column name="tmp_2_1_fu_602_p2">*, 0, 0, 0, 8, 8</column>
<column name="tmp_2_2_0_1_fu_756_p2">*, 0, 0, 0, 8, 8</column>
<column name="tmp_2_2_0_2_fu_811_p2">*, 0, 0, 0, 8, 8</column>
<column name="tmp_2_2_0_3_fu_820_p2">*, 0, 0, 0, 8, 8</column>
<column name="tmp_2_2_1_1_fu_766_p2">*, 0, 0, 0, 8, 8</column>
<column name="tmp_2_2_1_2_fu_829_p2">*, 0, 0, 0, 8, 8</column>
<column name="tmp_2_2_1_3_fu_834_p2">*, 0, 0, 0, 8, 8</column>
<column name="tmp_2_2_1_fu_761_p2">*, 0, 0, 0, 8, 8</column>
<column name="tmp_2_2_2_1_fu_911_p2">*, 0, 0, 0, 8, 8</column>
<column name="tmp_2_2_2_2_fu_915_p2">*, 0, 0, 0, 8, 8</column>
<column name="tmp_2_2_2_3_fu_919_p2">*, 0, 0, 0, 8, 8</column>
<column name="tmp_2_2_2_fu_907_p2">*, 0, 0, 0, 8, 8</column>
<column name="tmp_2_2_3_1_fu_977_p2">*, 0, 0, 0, 8, 8</column>
<column name="tmp_2_2_3_2_fu_981_p2">*, 0, 0, 0, 8, 8</column>
<column name="tmp_2_2_3_3_fu_986_p2">*, 0, 0, 0, 8, 8</column>
<column name="tmp_2_2_3_fu_973_p2">*, 0, 0, 0, 8, 8</column>
<column name="tmp_2_2_fu_747_p2">*, 0, 0, 0, 8, 8</column>
<column name="tmp_2_3_0_1_fu_1034_p2">*, 0, 0, 0, 8, 8</column>
<column name="tmp_2_3_0_2_fu_1042_p2">*, 0, 0, 0, 8, 8</column>
<column name="tmp_2_3_0_3_fu_1050_p2">*, 0, 0, 0, 8, 8</column>
<column name="tmp_2_3_1_1_fu_1060_p2">*, 0, 0, 0, 8, 8</column>
<column name="tmp_2_3_1_2_fu_1079_p2">*, 0, 0, 0, 8, 8</column>
<column name="tmp_2_3_1_3_fu_1083_p2">*, 0, 0, 0, 8, 8</column>
<column name="tmp_2_3_1_fu_1055_p2">*, 0, 0, 0, 8, 8</column>
<column name="tmp_2_3_2_1_fu_1095_p2">*, 0, 0, 0, 8, 8</column>
<column name="tmp_2_3_2_2_fu_1099_p2">*, 0, 0, 0, 8, 8</column>
<column name="tmp_2_3_2_3_fu_1103_p2">*, 0, 0, 0, 8, 8</column>
<column name="tmp_2_3_2_fu_1091_p2">*, 0, 0, 0, 8, 8</column>
<column name="tmp_2_3_3_1_fu_1134_p2">*, 0, 0, 0, 8, 8</column>
<column name="tmp_2_3_3_2_fu_1138_p2">*, 0, 0, 0, 8, 8</column>
<column name="tmp_2_3_3_3_fu_1142_p2">*, 0, 0, 0, 8, 8</column>
<column name="tmp_2_3_3_fu_1130_p2">*, 0, 0, 0, 8, 8</column>
<column name="tmp_2_3_fu_1026_p2">*, 0, 0, 0, 8, 8</column>
<column name="tmp_2_fu_519_p2">*, 0, 0, 0, 8, 8</column>
<column name="tmp10_fu_684_p2">+, 0, 0, 16, 16, 16</column>
<column name="tmp11_fu_724_p2">+, 0, 0, 16, 16, 16</column>
<column name="tmp12_fu_803_p2">+, 0, 0, 16, 16, 16</column>
<column name="tmp13_fu_870_p2">+, 0, 0, 16, 16, 16</column>
<column name="tmp14_fu_955_p2">+, 0, 0, 16, 16, 16</column>
<column name="tmp15_fu_1000_p2">+, 0, 0, 16, 16, 16</column>
<column name="tmp16_fu_825_p2">+, 0, 0, 16, 16, 16</column>
<column name="tmp17_fu_889_p2">+, 0, 0, 16, 16, 16</column>
<column name="tmp18_fu_839_p2">+, 0, 0, 16, 16, 16</column>
<column name="tmp19_fu_898_p2">+, 0, 0, 16, 16, 16</column>
<column name="tmp1_fu_571_p2">+, 0, 0, 16, 16, 16</column>
<column name="tmp20_fu_959_p2">+, 0, 0, 16, 16, 16</column>
<column name="tmp21_fu_963_p2">+, 0, 0, 16, 16, 16</column>
<column name="tmp22_fu_1009_p2">+, 0, 0, 16, 16, 16</column>
<column name="tmp23_fu_1013_p2">+, 0, 0, 16, 16, 16</column>
<column name="tmp24_fu_1065_p2">+, 0, 0, 16, 16, 16</column>
<column name="tmp25_fu_1069_p2">+, 0, 0, 16, 16, 16</column>
<column name="tmp26_fu_1087_p2">+, 0, 0, 16, 16, 16</column>
<column name="tmp27_fu_1107_p2">+, 0, 0, 16, 16, 16</column>
<column name="tmp28_fu_1116_p2">+, 0, 0, 16, 16, 16</column>
<column name="tmp29_fu_1120_p2">+, 0, 0, 16, 16, 16</column>
<column name="tmp2_fu_646_p2">+, 0, 0, 16, 16, 16</column>
<column name="tmp30_fu_1146_p2">+, 0, 0, 16, 16, 16</column>
<column name="tmp31_fu_1150_p2">+, 0, 0, 16, 16, 16</column>
<column name="tmp3_fu_688_p2">+, 0, 0, 16, 16, 16</column>
<column name="tmp4_fu_789_p2">+, 0, 0, 16, 16, 16</column>
<column name="tmp5_fu_843_p2">+, 0, 0, 16, 16, 16</column>
<column name="tmp6_fu_941_p2">+, 0, 0, 16, 16, 16</column>
<column name="tmp7_fu_991_p2">+, 0, 0, 16, 16, 16</column>
<column name="tmp8_fu_668_p2">+, 0, 0, 16, 16, 16</column>
<column name="tmp9_fu_715_p2">+, 0, 0, 16, 16, 16</column>
<column name="tmp_3_0_0_3_fu_575_p2">+, 0, 0, 16, 16, 16</column>
<column name="tmp_3_0_1_3_fu_692_p2">+, 0, 0, 16, 16, 16</column>
<column name="tmp_3_0_2_3_fu_847_p2">+, 0, 0, 16, 16, 16</column>
<column name="tmp_3_0_3_3_fu_995_p2">+, 0, 0, 16, 16, 16</column>
<column name="tmp_3_1_0_3_fu_719_p2">+, 0, 0, 16, 16, 16</column>
<column name="tmp_3_1_1_3_fu_728_p2">+, 0, 0, 16, 16, 16</column>
<column name="tmp_3_1_2_3_fu_874_p2">+, 0, 0, 16, 16, 16</column>
<column name="tmp_3_1_3_3_fu_1004_p2">+, 0, 0, 16, 16, 16</column>
<column name="tmp_3_2_0_3_fu_893_p2">+, 0, 0, 16, 16, 16</column>
<column name="tmp_3_2_1_3_fu_902_p2">+, 0, 0, 16, 16, 16</column>
<column name="tmp_3_2_2_3_fu_967_p2">+, 0, 0, 16, 16, 16</column>
<column name="tmp_3_2_3_3_fu_1017_p2">+, 0, 0, 16, 16, 16</column>
<column name="tmp_3_3_0_3_fu_1073_p2">+, 0, 0, 16, 16, 16</column>
<column name="tmp_3_3_1_3_fu_1111_p2">+, 0, 0, 16, 16, 16</column>
<column name="tmp_3_3_2_3_fu_1124_p2">+, 0, 0, 16, 16, 16</column>
<column name="tmp_3_3_3_3_fu_1154_p2">+, 0, 0, 16, 16, 16</column>
<column name="tmp_fu_567_p2">+, 0, 0, 16, 16, 16</column>
</table>
</item>
<item name = "Multiplexer"><table name="" hasTotal="1">
<keys size="5">Name, LUT, Input Size, Bits, Total Bits</keys>
<column name="a_Addr_A_orig">128, 9, 32, 288</column>
<column name="a_Addr_B_orig">128, 9, 32, 288</column>
<column name="ap_NS_fsm">8, 9, 1, 9</column>
<column name="ap_enable_reg_pp0_iter0">1, 2, 1, 2</column>
<column name="ap_enable_reg_pp0_iter1">1, 2, 1, 2</column>
<column name="b_Addr_A_orig">128, 9, 32, 288</column>
<column name="b_Addr_B_orig">128, 9, 32, 288</column>
<column name="res_Addr_A_orig">128, 9, 32, 288</column>
<column name="res_Addr_B_orig">128, 9, 32, 288</column>
<column name="res_Din_A">64, 9, 16, 144</column>
<column name="res_Din_B">64, 9, 16, 144</column>
<column name="res_WEN_A">2, 2, 2, 4</column>
<column name="res_WEN_B">2, 2, 2, 4</column>
</table>
</item>
<item name = "Register"><table name="" hasTotal="1">
<keys size="5">Name, FF, LUT, Bits, Const Bits</keys>
<column name="a_load_12_reg_1763">8, 0, 8, 0</column>
<column name="a_load_13_reg_1768">8, 0, 8, 0</column>
<column name="a_load_14_reg_1838">8, 0, 8, 0</column>
<column name="a_load_15_reg_1843">8, 0, 8, 0</column>
<column name="ap_CS_fsm">8, 0, 8, 0</column>
<column name="ap_enable_reg_pp0_iter0_preg">1, 0, 1, 0</column>
<column name="ap_enable_reg_pp0_iter1">1, 0, 1, 0</column>
<column name="tmp10_reg_1463">16, 0, 16, 0</column>
<column name="tmp12_reg_1624">16, 0, 16, 0</column>
<column name="tmp14_reg_1808">16, 0, 16, 0</column>
<column name="tmp16_reg_1651">16, 0, 16, 0</column>
<column name="tmp18_reg_1666">16, 0, 16, 0</column>
<column name="tmp26_reg_1934">16, 0, 16, 0</column>
<column name="tmp2_reg_1421">16, 0, 16, 0</column>
<column name="tmp30_reg_1989">16, 0, 16, 0</column>
<column name="tmp32_reg_1199">8, 0, 16, 8</column>
<column name="tmp4_reg_1609">16, 0, 16, 0</column>
<column name="tmp6_reg_1793">16, 0, 16, 0</column>
<column name="tmp8_reg_1448">16, 0, 16, 0</column>
<column name="tmp_0_0_1_reg_1218">8, 0, 16, 8</column>
<column name="tmp_0_0_2_reg_1257">8, 0, 16, 8</column>
<column name="tmp_0_0_3_reg_1276">8, 0, 16, 8</column>
<column name="tmp_111_0_1_reg_1358">8, 0, 16, 8</column>
<column name="tmp_111_0_2_reg_1426">8, 0, 16, 8</column>
<column name="tmp_111_0_3_reg_1437">8, 0, 16, 8</column>
<column name="tmp_1_0_0_1_reg_1225">8, 0, 16, 8</column>
<column name="tmp_1_0_0_2_reg_1264">8, 0, 16, 8</column>
<column name="tmp_1_0_0_3_reg_1283">8, 0, 16, 8</column>
<column name="tmp_1_0_1_1_reg_1336">8, 0, 16, 8</column>
<column name="tmp_1_0_1_2_reg_1399">8, 0, 16, 8</column>
<column name="tmp_1_0_1_3_reg_1410">8, 0, 16, 8</column>
<column name="tmp_1_0_1_reg_1325">8, 0, 16, 8</column>
<column name="tmp_1_0_2_1_reg_1504">8, 0, 16, 8</column>
<column name="tmp_1_0_2_2_reg_1587">8, 0, 16, 8</column>
<column name="tmp_1_0_2_3_reg_1598">8, 0, 16, 8</column>
<column name="tmp_1_0_2_reg_1493">8, 0, 16, 8</column>
<column name="tmp_1_0_3_1_reg_1707">8, 0, 16, 8</column>
<column name="tmp_1_0_3_2_reg_1773">8, 0, 16, 8</column>
<column name="tmp_1_0_3_3_reg_1783">8, 0, 16, 8</column>
<column name="tmp_1_0_3_reg_1696">8, 0, 16, 8</column>
<column name="tmp_1_reg_1206">8, 0, 16, 8</column>
<column name="tmp_212_0_1_reg_1546">8, 0, 16, 8</column>
<column name="tmp_212_0_2_reg_1629">8, 0, 16, 8</column>
<column name="tmp_212_0_3_reg_1640">8, 0, 16, 8</column>
<column name="tmp_2_0_0_1_reg_1232">16, 0, 16, 0</column>
<column name="tmp_2_0_0_2_reg_1271">16, 0, 16, 0</column>
<column name="tmp_2_0_0_3_reg_1290">16, 0, 16, 0</column>
<column name="tmp_2_0_1_1_reg_1342">16, 0, 16, 0</column>
<column name="tmp_2_0_1_2_reg_1405">16, 0, 16, 0</column>
<column name="tmp_2_0_1_3_reg_1416">16, 0, 16, 0</column>
<column name="tmp_2_0_1_reg_1331">16, 0, 16, 0</column>
<column name="tmp_2_0_2_1_reg_1510">16, 0, 16, 0</column>
<column name="tmp_2_0_2_2_reg_1593">16, 0, 16, 0</column>
<column name="tmp_2_0_2_3_reg_1604">16, 0, 16, 0</column>
<column name="tmp_2_0_2_reg_1499">16, 0, 16, 0</column>
<column name="tmp_2_0_3_1_reg_1713">16, 0, 16, 0</column>
<column name="tmp_2_0_3_2_reg_1778">16, 0, 16, 0</column>
<column name="tmp_2_0_3_3_reg_1788">16, 0, 16, 0</column>
<column name="tmp_2_0_3_reg_1702">16, 0, 16, 0</column>
<column name="tmp_2_1_0_1_reg_1364">16, 0, 16, 0</column>
<column name="tmp_2_1_0_2_reg_1432">16, 0, 16, 0</column>
<column name="tmp_2_1_0_3_reg_1443">16, 0, 16, 0</column>
<column name="tmp_2_1_1_1_reg_1374">16, 0, 16, 0</column>
<column name="tmp_2_1_1_2_reg_1453">16, 0, 16, 0</column>
<column name="tmp_2_1_1_3_reg_1458">16, 0, 16, 0</column>
<column name="tmp_2_1_1_reg_1369">16, 0, 16, 0</column>
<column name="tmp_2_1_2_1_reg_1530">16, 0, 16, 0</column>
<column name="tmp_2_1_2_2_reg_1614">16, 0, 16, 0</column>
<column name="tmp_2_1_2_3_reg_1619">16, 0, 16, 0</column>
<column name="tmp_2_1_2_reg_1525">16, 0, 16, 0</column>
<column name="tmp_2_1_3_1_reg_1728">16, 0, 16, 0</column>
<column name="tmp_2_1_3_2_reg_1798">16, 0, 16, 0</column>
<column name="tmp_2_1_3_3_reg_1803">16, 0, 16, 0</column>
<column name="tmp_2_1_3_reg_1723">16, 0, 16, 0</column>
<column name="tmp_2_1_reg_1353">16, 0, 16, 0</column>
<column name="tmp_2_2_0_1_reg_1552">16, 0, 16, 0</column>
<column name="tmp_2_2_0_2_reg_1635">16, 0, 16, 0</column>
<column name="tmp_2_2_0_3_reg_1646">16, 0, 16, 0</column>
<column name="tmp_2_2_1_1_reg_1562">16, 0, 16, 0</column>
<column name="tmp_2_2_1_2_reg_1656">16, 0, 16, 0</column>
<column name="tmp_2_2_1_3_reg_1661">16, 0, 16, 0</column>
<column name="tmp_2_2_1_reg_1557">16, 0, 16, 0</column>
<column name="tmp_2_2_2_1_reg_1748">16, 0, 16, 0</column>
<column name="tmp_2_2_2_2_reg_1753">16, 0, 16, 0</column>
<column name="tmp_2_2_2_3_reg_1758">16, 0, 16, 0</column>
<column name="tmp_2_2_2_reg_1743">16, 0, 16, 0</column>
<column name="tmp_2_2_3_1_reg_1823">16, 0, 16, 0</column>
<column name="tmp_2_2_3_2_reg_1828">16, 0, 16, 0</column>
<column name="tmp_2_2_3_3_reg_1833">16, 0, 16, 0</column>
<column name="tmp_2_2_3_reg_1818">16, 0, 16, 0</column>
<column name="tmp_2_2_reg_1541">16, 0, 16, 0</column>
<column name="tmp_2_3_0_1_reg_1880">16, 0, 16, 0</column>
<column name="tmp_2_3_0_2_reg_1892">16, 0, 16, 0</column>
<column name="tmp_2_3_0_3_reg_1904">16, 0, 16, 0</column>
<column name="tmp_2_3_1_1_reg_1914">16, 0, 16, 0</column>
<column name="tmp_2_3_1_2_reg_1924">16, 0, 16, 0</column>
<column name="tmp_2_3_1_3_reg_1929">16, 0, 16, 0</column>
<column name="tmp_2_3_1_reg_1909">16, 0, 16, 0</column>
<column name="tmp_2_3_2_1_reg_1944">16, 0, 16, 0</column>
<column name="tmp_2_3_2_2_reg_1949">16, 0, 16, 0</column>
<column name="tmp_2_3_2_3_reg_1954">16, 0, 16, 0</column>
<column name="tmp_2_3_2_reg_1939">16, 0, 16, 0</column>
<column name="tmp_2_3_3_1_reg_1974">16, 0, 16, 0</column>
<column name="tmp_2_3_3_2_reg_1979">16, 0, 16, 0</column>
<column name="tmp_2_3_3_3_reg_1984">16, 0, 16, 0</column>
<column name="tmp_2_3_3_reg_1969">16, 0, 16, 0</column>
<column name="tmp_2_3_reg_1869">16, 0, 16, 0</column>
<column name="tmp_2_reg_1213">16, 0, 16, 0</column>
<column name="tmp_313_0_1_reg_1874">8, 0, 16, 8</column>
<column name="tmp_313_0_2_reg_1885">8, 0, 16, 8</column>
<column name="tmp_313_0_3_reg_1897">8, 0, 16, 8</column>
<column name="tmp_3_0_0_3_reg_1320">16, 0, 16, 0</column>
<column name="tmp_3_0_1_3_reg_1488">16, 0, 16, 0</column>
<column name="tmp_3_0_2_3_reg_1691">16, 0, 16, 0</column>
<column name="tmp_3_0_3_3_reg_1848">16, 0, 16, 0</column>
<column name="tmp_3_1_0_3_reg_1515">16, 0, 16, 0</column>
<column name="tmp_3_1_1_3_reg_1520">16, 0, 16, 0</column>
<column name="tmp_3_1_2_3_reg_1718">16, 0, 16, 0</column>
<column name="tmp_3_1_3_3_reg_1853">16, 0, 16, 0</column>
<column name="tmp_3_2_0_3_reg_1733">16, 0, 16, 0</column>
<column name="tmp_3_2_1_3_reg_1738">16, 0, 16, 0</column>
<column name="tmp_3_2_2_3_reg_1813">16, 0, 16, 0</column>
<column name="tmp_3_2_3_3_reg_1858">16, 0, 16, 0</column>
<column name="tmp_3_3_0_3_reg_1919">16, 0, 16, 0</column>
<column name="tmp_3_3_1_3_reg_1959">16, 0, 16, 0</column>
<column name="tmp_3_3_2_3_reg_1964">16, 0, 16, 0</column>
<column name="tmp_3_3_3_3_reg_1994">16, 0, 16, 0</column>
<column name="tmp_3_reg_1535">8, 0, 16, 8</column>
<column name="tmp_4_reg_1863">8, 0, 16, 8</column>
<column name="tmp_reg_1295">16, 0, 16, 0</column>
<column name="tmp_s_reg_1347">8, 0, 16, 8</column>
</table>
</item>
</section>
</item>
</section>

<section name = "Interface" level="0">
<item name = "Summary"><table name="" hasTotal="0">
<keys size="6">RTL Ports, Dir, Bits, Protocol, Source Object, C Type</keys>
<column name="ap_clk">in, 1, ap_ctrl_hs, matrixmul, return value</column>
<column name="ap_rst">in, 1, ap_ctrl_hs, matrixmul, return value</column>
<column name="ap_start">in, 1, ap_ctrl_hs, matrixmul, return value</column>
<column name="ap_done">out, 1, ap_ctrl_hs, matrixmul, return value</column>
<column name="ap_idle">out, 1, ap_ctrl_hs, matrixmul, return value</column>
<column name="ap_ready">out, 1, ap_ctrl_hs, matrixmul, return value</column>
<column name="a_Addr_A">out, 32, bram, a, array</column>
<column name="a_EN_A">out, 1, bram, a, array</column>
<column name="a_WEN_A">out, 1, bram, a, array</column>
<column name="a_Din_A">out, 8, bram, a, array</column>
<column name="a_Dout_A">in, 8, bram, a, array</column>
<column name="a_Clk_A">out, 1, bram, a, array</column>
<column name="a_Rst_A">out, 1, bram, a, array</column>
<column name="a_Addr_B">out, 32, bram, a, array</column>
<column name="a_EN_B">out, 1, bram, a, array</column>
<column name="a_WEN_B">out, 1, bram, a, array</column>
<column name="a_Din_B">out, 8, bram, a, array</column>
<column name="a_Dout_B">in, 8, bram, a, array</column>
<column name="a_Clk_B">out, 1, bram, a, array</column>
<column name="a_Rst_B">out, 1, bram, a, array</column>
<column name="b_Addr_A">out, 32, bram, b, array</column>
<column name="b_EN_A">out, 1, bram, b, array</column>
<column name="b_WEN_A">out, 1, bram, b, array</column>
<column name="b_Din_A">out, 8, bram, b, array</column>
<column name="b_Dout_A">in, 8, bram, b, array</column>
<column name="b_Clk_A">out, 1, bram, b, array</column>
<column name="b_Rst_A">out, 1, bram, b, array</column>
<column name="b_Addr_B">out, 32, bram, b, array</column>
<column name="b_EN_B">out, 1, bram, b, array</column>
<column name="b_WEN_B">out, 1, bram, b, array</column>
<column name="b_Din_B">out, 8, bram, b, array</column>
<column name="b_Dout_B">in, 8, bram, b, array</column>
<column name="b_Clk_B">out, 1, bram, b, array</column>
<column name="b_Rst_B">out, 1, bram, b, array</column>
<column name="res_Addr_A">out, 32, bram, res, array</column>
<column name="res_EN_A">out, 1, bram, res, array</column>
<column name="res_WEN_A">out, 2, bram, res, array</column>
<column name="res_Din_A">out, 16, bram, res, array</column>
<column name="res_Dout_A">in, 16, bram, res, array</column>
<column name="res_Clk_A">out, 1, bram, res, array</column>
<column name="res_Rst_A">out, 1, bram, res, array</column>
<column name="res_Addr_B">out, 32, bram, res, array</column>
<column name="res_EN_B">out, 1, bram, res, array</column>
<column name="res_WEN_B">out, 2, bram, res, array</column>
<column name="res_Din_B">out, 16, bram, res, array</column>
<column name="res_Dout_B">in, 16, bram, res, array</column>
<column name="res_Clk_B">out, 1, bram, res, array</column>
<column name="res_Rst_B">out, 1, bram, res, array</column>
</table>
</item>
</section>
</profile>
