<stg><name>matrixmul</name>


<trans_list>

<trans id="154" from="1" to="2">
<condition id="34">
<or_exp><and_exp></and_exp></or_exp>
</condition>
</trans>

<trans id="179" from="2" to="13">
<condition id="50">
<or_exp><and_exp><literal name="exitcond2" val="1"/>
</and_exp></or_exp>
</condition>
</trans>

<trans id="180" from="2" to="3">
<condition id="61">
<or_exp><and_exp><literal name="exitcond2" val="0"/>
</and_exp></or_exp>
</condition>
</trans>

<trans id="169" from="3" to="4">
<condition id="51">
<or_exp><and_exp></and_exp></or_exp>
</condition>
</trans>

<trans id="170" from="4" to="5">
<condition id="52">
<or_exp><and_exp></and_exp></or_exp>
</condition>
</trans>

<trans id="171" from="5" to="6">
<condition id="53">
<or_exp><and_exp></and_exp></or_exp>
</condition>
</trans>

<trans id="172" from="6" to="7">
<condition id="54">
<or_exp><and_exp></and_exp></or_exp>
</condition>
</trans>

<trans id="173" from="7" to="8">
<condition id="55">
<or_exp><and_exp></and_exp></or_exp>
</condition>
</trans>

<trans id="174" from="8" to="9">
<condition id="56">
<or_exp><and_exp></and_exp></or_exp>
</condition>
</trans>

<trans id="175" from="9" to="10">
<condition id="57">
<or_exp><and_exp></and_exp></or_exp>
</condition>
</trans>

<trans id="176" from="10" to="11">
<condition id="58">
<or_exp><and_exp></and_exp></or_exp>
</condition>
</trans>

<trans id="177" from="11" to="12">
<condition id="59">
<or_exp><and_exp></and_exp></or_exp>
</condition>
</trans>

<trans id="178" from="12" to="2">
<condition id="60">
<or_exp><and_exp></and_exp></or_exp>
</condition>
</trans>
</trans_list>



<state_list>

<state id="1" st_id="1">

<operation id="14" st_id="1" stage="1" lat="1">
<core>NULL</core>
<MemPortIdVec></MemPortIdVec>
<condition id="31">
<or_exp><and_exp></and_exp></or_exp>
</condition>

<Node id="4" bw="4" op_0_bw="8" op_1_bw="32" op_2_bw="32">
<![CDATA[
:0  %b_addr = getelementptr [16 x i8]* %b, i32 0, i32 0

]]></Node>
<StgValue><ssdm name="b_addr"/></StgValue>
</operation>

<operation id="15" st_id="1" stage="1" lat="1">
<core>NULL</core>
<MemPortIdVec></MemPortIdVec>
<condition id="31">
<or_exp><and_exp></and_exp></or_exp>
</condition>

<Node id="5" bw="4" op_0_bw="8" op_1_bw="32" op_2_bw="32">
<![CDATA[
:1  %b_addr_1 = getelementptr [16 x i8]* %b, i32 0, i32 4

]]></Node>
<StgValue><ssdm name="b_addr_1"/></StgValue>
</operation>

<operation id="16" st_id="1" stage="1" lat="1">
<core>NULL</core>
<MemPortIdVec></MemPortIdVec>
<condition id="31">
<or_exp><and_exp></and_exp></or_exp>
</condition>

<Node id="6" bw="4" op_0_bw="8" op_1_bw="32" op_2_bw="32">
<![CDATA[
:2  %b_addr_2 = getelementptr [16 x i8]* %b, i32 0, i32 8

]]></Node>
<StgValue><ssdm name="b_addr_2"/></StgValue>
</operation>

<operation id="17" st_id="1" stage="1" lat="1">
<core>NULL</core>
<MemPortIdVec></MemPortIdVec>
<condition id="31">
<or_exp><and_exp></and_exp></or_exp>
</condition>

<Node id="7" bw="4" op_0_bw="8" op_1_bw="32" op_2_bw="32">
<![CDATA[
:3  %b_addr_3 = getelementptr [16 x i8]* %b, i32 0, i32 12

]]></Node>
<StgValue><ssdm name="b_addr_3"/></StgValue>
</operation>

<operation id="18" st_id="1" stage="1" lat="1">
<core>NULL</core>
<MemPortIdVec></MemPortIdVec>
<condition id="31">
<or_exp><and_exp></and_exp></or_exp>
</condition>

<Node id="8" bw="4" op_0_bw="8" op_1_bw="32" op_2_bw="32">
<![CDATA[
:4  %b_addr_4 = getelementptr [16 x i8]* %b, i32 0, i32 1

]]></Node>
<StgValue><ssdm name="b_addr_4"/></StgValue>
</operation>

<operation id="19" st_id="1" stage="1" lat="1">
<core>NULL</core>
<MemPortIdVec></MemPortIdVec>
<condition id="31">
<or_exp><and_exp></and_exp></or_exp>
</condition>

<Node id="9" bw="4" op_0_bw="8" op_1_bw="32" op_2_bw="32">
<![CDATA[
:5  %b_addr_5 = getelementptr [16 x i8]* %b, i32 0, i32 5

]]></Node>
<StgValue><ssdm name="b_addr_5"/></StgValue>
</operation>

<operation id="20" st_id="1" stage="1" lat="1">
<core>NULL</core>
<MemPortIdVec></MemPortIdVec>
<condition id="31">
<or_exp><and_exp></and_exp></or_exp>
</condition>

<Node id="10" bw="4" op_0_bw="8" op_1_bw="32" op_2_bw="32">
<![CDATA[
:6  %b_addr_6 = getelementptr [16 x i8]* %b, i32 0, i32 9

]]></Node>
<StgValue><ssdm name="b_addr_6"/></StgValue>
</operation>

<operation id="21" st_id="1" stage="1" lat="1">
<core>NULL</core>
<MemPortIdVec></MemPortIdVec>
<condition id="31">
<or_exp><and_exp></and_exp></or_exp>
</condition>

<Node id="11" bw="4" op_0_bw="8" op_1_bw="32" op_2_bw="32">
<![CDATA[
:7  %b_addr_7 = getelementptr [16 x i8]* %b, i32 0, i32 13

]]></Node>
<StgValue><ssdm name="b_addr_7"/></StgValue>
</operation>

<operation id="22" st_id="1" stage="1" lat="1">
<core>NULL</core>
<MemPortIdVec></MemPortIdVec>
<condition id="31">
<or_exp><and_exp></and_exp></or_exp>
</condition>

<Node id="12" bw="4" op_0_bw="8" op_1_bw="32" op_2_bw="32">
<![CDATA[
:8  %b_addr_8 = getelementptr [16 x i8]* %b, i32 0, i32 2

]]></Node>
<StgValue><ssdm name="b_addr_8"/></StgValue>
</operation>

<operation id="23" st_id="1" stage="1" lat="1">
<core>NULL</core>
<MemPortIdVec></MemPortIdVec>
<condition id="31">
<or_exp><and_exp></and_exp></or_exp>
</condition>

<Node id="13" bw="4" op_0_bw="8" op_1_bw="32" op_2_bw="32">
<![CDATA[
:9  %b_addr_9 = getelementptr [16 x i8]* %b, i32 0, i32 6

]]></Node>
<StgValue><ssdm name="b_addr_9"/></StgValue>
</operation>

<operation id="24" st_id="1" stage="1" lat="1">
<core>NULL</core>
<MemPortIdVec></MemPortIdVec>
<condition id="31">
<or_exp><and_exp></and_exp></or_exp>
</condition>

<Node id="14" bw="4" op_0_bw="8" op_1_bw="32" op_2_bw="32">
<![CDATA[
:10  %b_addr_10 = getelementptr [16 x i8]* %b, i32 0, i32 10

]]></Node>
<StgValue><ssdm name="b_addr_10"/></StgValue>
</operation>

<operation id="25" st_id="1" stage="1" lat="1">
<core>NULL</core>
<MemPortIdVec></MemPortIdVec>
<condition id="31">
<or_exp><and_exp></and_exp></or_exp>
</condition>

<Node id="15" bw="4" op_0_bw="8" op_1_bw="32" op_2_bw="32">
<![CDATA[
:11  %b_addr_11 = getelementptr [16 x i8]* %b, i32 0, i32 14

]]></Node>
<StgValue><ssdm name="b_addr_11"/></StgValue>
</operation>

<operation id="26" st_id="1" stage="1" lat="1">
<core>NULL</core>
<MemPortIdVec></MemPortIdVec>
<condition id="31">
<or_exp><and_exp></and_exp></or_exp>
</condition>

<Node id="16" bw="4" op_0_bw="8" op_1_bw="32" op_2_bw="32">
<![CDATA[
:12  %b_addr_12 = getelementptr [16 x i8]* %b, i32 0, i32 3

]]></Node>
<StgValue><ssdm name="b_addr_12"/></StgValue>
</operation>

<operation id="27" st_id="1" stage="1" lat="1">
<core>NULL</core>
<MemPortIdVec></MemPortIdVec>
<condition id="31">
<or_exp><and_exp></and_exp></or_exp>
</condition>

<Node id="17" bw="4" op_0_bw="8" op_1_bw="32" op_2_bw="32">
<![CDATA[
:13  %b_addr_13 = getelementptr [16 x i8]* %b, i32 0, i32 7

]]></Node>
<StgValue><ssdm name="b_addr_13"/></StgValue>
</operation>

<operation id="28" st_id="1" stage="1" lat="1">
<core>NULL</core>
<MemPortIdVec></MemPortIdVec>
<condition id="31">
<or_exp><and_exp></and_exp></or_exp>
</condition>

<Node id="18" bw="4" op_0_bw="8" op_1_bw="32" op_2_bw="32">
<![CDATA[
:14  %b_addr_14 = getelementptr [16 x i8]* %b, i32 0, i32 11

]]></Node>
<StgValue><ssdm name="b_addr_14"/></StgValue>
</operation>

<operation id="29" st_id="1" stage="1" lat="1">
<core>NULL</core>
<MemPortIdVec></MemPortIdVec>
<condition id="31">
<or_exp><and_exp></and_exp></or_exp>
</condition>

<Node id="19" bw="4" op_0_bw="8" op_1_bw="32" op_2_bw="32">
<![CDATA[
:15  %b_addr_15 = getelementptr [16 x i8]* %b, i32 0, i32 15

]]></Node>
<StgValue><ssdm name="b_addr_15"/></StgValue>
</operation>

<operation id="30" st_id="1" stage="1" lat="1">
<core>NULL</core>
<MemPortIdVec></MemPortIdVec>
<condition id="31">
<or_exp><and_exp></and_exp></or_exp>
</condition>

<Node id="20" bw="0" op_0_bw="0" op_1_bw="8">
<![CDATA[
:16  call void (...)* @_ssdm_op_SpecBitsMap([16 x i8]* %a) nounwind, !map !7

]]></Node>
<StgValue><ssdm name=""/></StgValue>
</operation>

<operation id="31" st_id="1" stage="1" lat="1">
<core>NULL</core>
<MemPortIdVec></MemPortIdVec>
<condition id="31">
<or_exp><and_exp></and_exp></or_exp>
</condition>

<Node id="21" bw="0" op_0_bw="0" op_1_bw="8">
<![CDATA[
:17  call void (...)* @_ssdm_op_SpecBitsMap([16 x i8]* %b) nounwind, !map !13

]]></Node>
<StgValue><ssdm name=""/></StgValue>
</operation>

<operation id="32" st_id="1" stage="1" lat="1">
<core>NULL</core>
<MemPortIdVec></MemPortIdVec>
<condition id="31">
<or_exp><and_exp></and_exp></or_exp>
</condition>

<Node id="22" bw="0" op_0_bw="0" op_1_bw="16">
<![CDATA[
:18  call void (...)* @_ssdm_op_SpecBitsMap([16 x i16]* %res) nounwind, !map !17

]]></Node>
<StgValue><ssdm name=""/></StgValue>
</operation>

<operation id="33" st_id="1" stage="1" lat="1">
<core>NULL</core>
<MemPortIdVec></MemPortIdVec>
<condition id="31">
<or_exp><and_exp></and_exp></or_exp>
</condition>

<Node id="23" bw="0" op_0_bw="0" op_1_bw="0">
<![CDATA[
:19  call void (...)* @_ssdm_op_SpecTopModule([10 x i8]* @matrixmul_str) nounwind

]]></Node>
<StgValue><ssdm name=""/></StgValue>
</operation>

<operation id="34" st_id="1" stage="1" lat="1">
<core>NULL</core>
<MemPortIdVec></MemPortIdVec>
<condition id="31">
<or_exp><and_exp></and_exp></or_exp>
</condition>

<Node id="24" bw="0" op_0_bw="0">
<![CDATA[
:20  br label %1

]]></Node>
<StgValue><ssdm name=""/></StgValue>
</operation>
</state>

<state id="2" st_id="2">

<operation id="35" st_id="2" stage="1" lat="1">
<core>NULL</core>
<MemPortIdVec></MemPortIdVec>
<condition id="-1">
<or_exp><and_exp></and_exp></or_exp>
</condition>

<Node id="26" bw="3" op_0_bw="3" op_1_bw="0">
<![CDATA[
:0  %i = phi i3 [ 0, %0 ], [ %i_1, %2 ]

]]></Node>
<StgValue><ssdm name="i"/></StgValue>
</operation>

<operation id="36" st_id="2" stage="1" lat="1">
<core>Cmp</core>
<MemPortIdVec></MemPortIdVec>
<condition id="-1">
<or_exp><and_exp></and_exp></or_exp>
</condition>

<Node id="27" bw="1" op_0_bw="3" op_1_bw="3">
<![CDATA[
:1  %exitcond2 = icmp eq i3 %i, -4

]]></Node>
<StgValue><ssdm name="exitcond2"/></StgValue>
</operation>

<operation id="37" st_id="2" stage="1" lat="1">
<core>AddSub</core>
<MemPortIdVec></MemPortIdVec>
<condition id="-1">
<or_exp><and_exp></and_exp></or_exp>
</condition>

<Node id="28" bw="3" op_0_bw="3" op_1_bw="3">
<![CDATA[
:2  %i_1 = add i3 %i, 1

]]></Node>
<StgValue><ssdm name="i_1"/></StgValue>
</operation>

<operation id="38" st_id="2" stage="1" lat="1">
<core>NULL</core>
<MemPortIdVec></MemPortIdVec>
<condition id="-1">
<or_exp><and_exp></and_exp></or_exp>
</condition>

<Node id="29" bw="0" op_0_bw="1" op_1_bw="0" op_2_bw="0">
<![CDATA[
:3  br i1 %exitcond2, label %3, label %2

]]></Node>
<StgValue><ssdm name=""/></StgValue>
</operation>

<operation id="39" st_id="2" stage="1" lat="1">
<core>NULL</core>
<MemPortIdVec></MemPortIdVec>
<condition id="0">
<or_exp><and_exp><literal name="exitcond2" val="0"/>
</and_exp></or_exp>
</condition>

<Node id="31" bw="5" op_0_bw="5" op_1_bw="3" op_2_bw="2">
<![CDATA[
:0  %tmp_3 = call i5 @_ssdm_op_BitConcatenate.i5.i3.i2(i3 %i, i2 0)

]]></Node>
<StgValue><ssdm name="tmp_3"/></StgValue>
</operation>

<operation id="40" st_id="2" stage="1" lat="1">
<core>NULL</core>
<MemPortIdVec></MemPortIdVec>
<condition id="0">
<or_exp><and_exp><literal name="exitcond2" val="0"/>
</and_exp></or_exp>
</condition>

<Node id="32" bw="32" op_0_bw="5">
<![CDATA[
:1  %tmp_4 = zext i5 %tmp_3 to i32

]]></Node>
<StgValue><ssdm name="tmp_4"/></StgValue>
</operation>

<operation id="41" st_id="2" stage="1" lat="1">
<core>NULL</core>
<MemPortIdVec></MemPortIdVec>
<condition id="0">
<or_exp><and_exp><literal name="exitcond2" val="0"/>
</and_exp></or_exp>
</condition>

<Node id="33" bw="4" op_0_bw="8" op_1_bw="32" op_2_bw="32">
<![CDATA[
:2  %a_addr = getelementptr [16 x i8]* %a, i32 0, i32 %tmp_4

]]></Node>
<StgValue><ssdm name="a_addr"/></StgValue>
</operation>

<operation id="42" st_id="2" stage="1" lat="1">
<core>NULL</core>
<MemPortIdVec></MemPortIdVec>
<condition id="0">
<or_exp><and_exp><literal name="exitcond2" val="0"/>
</and_exp></or_exp>
</condition>

<Node id="34" bw="5" op_0_bw="5" op_1_bw="5">
<![CDATA[
:3  %tmp_5 = or i5 %tmp_3, 1

]]></Node>
<StgValue><ssdm name="tmp_5"/></StgValue>
</operation>

<operation id="43" st_id="2" stage="1" lat="1">
<core>NULL</core>
<MemPortIdVec></MemPortIdVec>
<condition id="0">
<or_exp><and_exp><literal name="exitcond2" val="0"/>
</and_exp></or_exp>
</condition>

<Node id="35" bw="32" op_0_bw="32" op_1_bw="27" op_2_bw="5">
<![CDATA[
:4  %tmp_6 = call i32 @_ssdm_op_BitConcatenate.i32.i27.i5(i27 0, i5 %tmp_5)

]]></Node>
<StgValue><ssdm name="tmp_6"/></StgValue>
</operation>

<operation id="44" st_id="2" stage="1" lat="1">
<core>NULL</core>
<MemPortIdVec></MemPortIdVec>
<condition id="0">
<or_exp><and_exp><literal name="exitcond2" val="0"/>
</and_exp></or_exp>
</condition>

<Node id="36" bw="4" op_0_bw="8" op_1_bw="32" op_2_bw="32">
<![CDATA[
:5  %a_addr_1 = getelementptr [16 x i8]* %a, i32 0, i32 %tmp_6

]]></Node>
<StgValue><ssdm name="a_addr_1"/></StgValue>
</operation>

<operation id="45" st_id="2" stage="2" lat="2">
<core>RAM</core>
<MemPortIdVec></MemPortIdVec>
<condition id="0">
<or_exp><and_exp><literal name="exitcond2" val="0"/>
</and_exp></or_exp>
</condition>

<Node id="51" bw="8" op_0_bw="4">
<![CDATA[
:20  %a_load = load i8* %a_addr, align 1

]]></Node>
<StgValue><ssdm name="a_load"/></StgValue>
</operation>

<operation id="46" st_id="2" stage="2" lat="2">
<core>RAM</core>
<MemPortIdVec></MemPortIdVec>
<condition id="0">
<or_exp><and_exp><literal name="exitcond2" val="0"/>
</and_exp></or_exp>
</condition>

<Node id="53" bw="8" op_0_bw="4">
<![CDATA[
:22  %b_load = load i8* %b_addr, align 1

]]></Node>
<StgValue><ssdm name="b_load"/></StgValue>
</operation>

<operation id="47" st_id="2" stage="2" lat="2">
<core>RAM</core>
<MemPortIdVec></MemPortIdVec>
<condition id="0">
<or_exp><and_exp><literal name="exitcond2" val="0"/>
</and_exp></or_exp>
</condition>

<Node id="56" bw="8" op_0_bw="4">
<![CDATA[
:25  %a_load_1 = load i8* %a_addr_1, align 1

]]></Node>
<StgValue><ssdm name="a_load_1"/></StgValue>
</operation>

<operation id="48" st_id="2" stage="2" lat="2">
<core>RAM</core>
<MemPortIdVec></MemPortIdVec>
<condition id="0">
<or_exp><and_exp><literal name="exitcond2" val="0"/>
</and_exp></or_exp>
</condition>

<Node id="58" bw="8" op_0_bw="4">
<![CDATA[
:27  %b_load_1 = load i8* %b_addr_1, align 1

]]></Node>
<StgValue><ssdm name="b_load_1"/></StgValue>
</operation>
</state>

<state id="3" st_id="3">

<operation id="49" st_id="3" stage="1" lat="1">
<core>NULL</core>
<MemPortIdVec></MemPortIdVec>
<condition id="0">
<or_exp><and_exp><literal name="exitcond2" val="0"/>
</and_exp></or_exp>
</condition>

<Node id="37" bw="5" op_0_bw="5" op_1_bw="5">
<![CDATA[
:6  %tmp_7 = or i5 %tmp_3, 2

]]></Node>
<StgValue><ssdm name="tmp_7"/></StgValue>
</operation>

<operation id="50" st_id="3" stage="1" lat="1">
<core>NULL</core>
<MemPortIdVec></MemPortIdVec>
<condition id="0">
<or_exp><and_exp><literal name="exitcond2" val="0"/>
</and_exp></or_exp>
</condition>

<Node id="38" bw="32" op_0_bw="32" op_1_bw="27" op_2_bw="5">
<![CDATA[
:7  %tmp_8 = call i32 @_ssdm_op_BitConcatenate.i32.i27.i5(i27 0, i5 %tmp_7)

]]></Node>
<StgValue><ssdm name="tmp_8"/></StgValue>
</operation>

<operation id="51" st_id="3" stage="1" lat="1">
<core>NULL</core>
<MemPortIdVec></MemPortIdVec>
<condition id="0">
<or_exp><and_exp><literal name="exitcond2" val="0"/>
</and_exp></or_exp>
</condition>

<Node id="39" bw="4" op_0_bw="8" op_1_bw="32" op_2_bw="32">
<![CDATA[
:8  %a_addr_2 = getelementptr [16 x i8]* %a, i32 0, i32 %tmp_8

]]></Node>
<StgValue><ssdm name="a_addr_2"/></StgValue>
</operation>

<operation id="52" st_id="3" stage="1" lat="1">
<core>NULL</core>
<MemPortIdVec></MemPortIdVec>
<condition id="0">
<or_exp><and_exp><literal name="exitcond2" val="0"/>
</and_exp></or_exp>
</condition>

<Node id="40" bw="5" op_0_bw="5" op_1_bw="5">
<![CDATA[
:9  %tmp_9 = or i5 %tmp_3, 3

]]></Node>
<StgValue><ssdm name="tmp_9"/></StgValue>
</operation>

<operation id="53" st_id="3" stage="1" lat="1">
<core>NULL</core>
<MemPortIdVec></MemPortIdVec>
<condition id="0">
<or_exp><and_exp><literal name="exitcond2" val="0"/>
</and_exp></or_exp>
</condition>

<Node id="41" bw="32" op_0_bw="32" op_1_bw="27" op_2_bw="5">
<![CDATA[
:10  %tmp_s = call i32 @_ssdm_op_BitConcatenate.i32.i27.i5(i27 0, i5 %tmp_9)

]]></Node>
<StgValue><ssdm name="tmp_s"/></StgValue>
</operation>

<operation id="54" st_id="3" stage="1" lat="1">
<core>NULL</core>
<MemPortIdVec></MemPortIdVec>
<condition id="0">
<or_exp><and_exp><literal name="exitcond2" val="0"/>
</and_exp></or_exp>
</condition>

<Node id="42" bw="4" op_0_bw="8" op_1_bw="32" op_2_bw="32">
<![CDATA[
:11  %a_addr_3 = getelementptr [16 x i8]* %a, i32 0, i32 %tmp_s

]]></Node>
<StgValue><ssdm name="a_addr_3"/></StgValue>
</operation>

<operation id="55" st_id="3" stage="1" lat="2">
<core>RAM</core>
<MemPortIdVec></MemPortIdVec>
<condition id="0">
<or_exp><and_exp><literal name="exitcond2" val="0"/>
</and_exp></or_exp>
</condition>

<Node id="51" bw="8" op_0_bw="4">
<![CDATA[
:20  %a_load = load i8* %a_addr, align 1

]]></Node>
<StgValue><ssdm name="a_load"/></StgValue>
</operation>

<operation id="56" st_id="3" stage="1" lat="1">
<core>NULL</core>
<MemPortIdVec></MemPortIdVec>
<condition id="0">
<or_exp><and_exp><literal name="exitcond2" val="0"/>
</and_exp></or_exp>
</condition>

<Node id="52" bw="16" op_0_bw="8">
<![CDATA[
:21  %tmp1 = zext i8 %a_load to i16

]]></Node>
<StgValue><ssdm name="tmp1"/></StgValue>
</operation>

<operation id="57" st_id="3" stage="1" lat="2">
<core>RAM</core>
<MemPortIdVec></MemPortIdVec>
<condition id="0">
<or_exp><and_exp><literal name="exitcond2" val="0"/>
</and_exp></or_exp>
</condition>

<Node id="53" bw="8" op_0_bw="4">
<![CDATA[
:22  %b_load = load i8* %b_addr, align 1

]]></Node>
<StgValue><ssdm name="b_load"/></StgValue>
</operation>

<operation id="58" st_id="3" stage="1" lat="1">
<core>NULL</core>
<MemPortIdVec></MemPortIdVec>
<condition id="0">
<or_exp><and_exp><literal name="exitcond2" val="0"/>
</and_exp></or_exp>
</condition>

<Node id="54" bw="16" op_0_bw="8">
<![CDATA[
:23  %tmp_1 = zext i8 %b_load to i16

]]></Node>
<StgValue><ssdm name="tmp_1"/></StgValue>
</operation>

<operation id="59" st_id="3" stage="1" lat="1">
<core>Mul</core>
<MemPortIdVec></MemPortIdVec>
<condition id="0">
<or_exp><and_exp><literal name="exitcond2" val="0"/>
</and_exp></or_exp>
</condition>

<Node id="55" bw="16" op_0_bw="16" op_1_bw="16">
<![CDATA[
:24  %tmp_2 = mul i16 %tmp1, %tmp_1

]]></Node>
<StgValue><ssdm name="tmp_2"/></StgValue>
</operation>

<operation id="60" st_id="3" stage="1" lat="2">
<core>RAM</core>
<MemPortIdVec></MemPortIdVec>
<condition id="0">
<or_exp><and_exp><literal name="exitcond2" val="0"/>
</and_exp></or_exp>
</condition>

<Node id="56" bw="8" op_0_bw="4">
<![CDATA[
:25  %a_load_1 = load i8* %a_addr_1, align 1

]]></Node>
<StgValue><ssdm name="a_load_1"/></StgValue>
</operation>

<operation id="61" st_id="3" stage="1" lat="1">
<core>NULL</core>
<MemPortIdVec></MemPortIdVec>
<condition id="0">
<or_exp><and_exp><literal name="exitcond2" val="0"/>
</and_exp></or_exp>
</condition>

<Node id="57" bw="16" op_0_bw="8">
<![CDATA[
:26  %tmp_0_1 = zext i8 %a_load_1 to i16

]]></Node>
<StgValue><ssdm name="tmp_0_1"/></StgValue>
</operation>

<operation id="62" st_id="3" stage="1" lat="2">
<core>RAM</core>
<MemPortIdVec></MemPortIdVec>
<condition id="0">
<or_exp><and_exp><literal name="exitcond2" val="0"/>
</and_exp></or_exp>
</condition>

<Node id="58" bw="8" op_0_bw="4">
<![CDATA[
:27  %b_load_1 = load i8* %b_addr_1, align 1

]]></Node>
<StgValue><ssdm name="b_load_1"/></StgValue>
</operation>

<operation id="63" st_id="3" stage="1" lat="1">
<core>NULL</core>
<MemPortIdVec></MemPortIdVec>
<condition id="0">
<or_exp><and_exp><literal name="exitcond2" val="0"/>
</and_exp></or_exp>
</condition>

<Node id="59" bw="16" op_0_bw="8">
<![CDATA[
:28  %tmp_1_0_1 = zext i8 %b_load_1 to i16

]]></Node>
<StgValue><ssdm name="tmp_1_0_1"/></StgValue>
</operation>

<operation id="64" st_id="3" stage="1" lat="1">
<core>Mul</core>
<MemPortIdVec></MemPortIdVec>
<condition id="0">
<or_exp><and_exp><literal name="exitcond2" val="0"/>
</and_exp></or_exp>
</condition>

<Node id="60" bw="16" op_0_bw="16" op_1_bw="16">
<![CDATA[
:29  %tmp_2_0_1 = mul i16 %tmp_0_1, %tmp_1_0_1

]]></Node>
<StgValue><ssdm name="tmp_2_0_1"/></StgValue>
</operation>

<operation id="65" st_id="3" stage="2" lat="2">
<core>RAM</core>
<MemPortIdVec></MemPortIdVec>
<condition id="0">
<or_exp><and_exp><literal name="exitcond2" val="0"/>
</and_exp></or_exp>
</condition>

<Node id="61" bw="8" op_0_bw="4">
<![CDATA[
:30  %a_load_2 = load i8* %a_addr_2, align 1

]]></Node>
<StgValue><ssdm name="a_load_2"/></StgValue>
</operation>

<operation id="66" st_id="3" stage="2" lat="2">
<core>RAM</core>
<MemPortIdVec></MemPortIdVec>
<condition id="0">
<or_exp><and_exp><literal name="exitcond2" val="0"/>
</and_exp></or_exp>
</condition>

<Node id="63" bw="8" op_0_bw="4">
<![CDATA[
:32  %b_load_2 = load i8* %b_addr_2, align 1

]]></Node>
<StgValue><ssdm name="b_load_2"/></StgValue>
</operation>

<operation id="67" st_id="3" stage="2" lat="2">
<core>RAM</core>
<MemPortIdVec></MemPortIdVec>
<condition id="0">
<or_exp><and_exp><literal name="exitcond2" val="0"/>
</and_exp></or_exp>
</condition>

<Node id="66" bw="8" op_0_bw="4">
<![CDATA[
:35  %a_load_3 = load i8* %a_addr_3, align 1

]]></Node>
<StgValue><ssdm name="a_load_3"/></StgValue>
</operation>

<operation id="68" st_id="3" stage="2" lat="2">
<core>RAM</core>
<MemPortIdVec></MemPortIdVec>
<condition id="0">
<or_exp><and_exp><literal name="exitcond2" val="0"/>
</and_exp></or_exp>
</condition>

<Node id="68" bw="8" op_0_bw="4">
<![CDATA[
:37  %b_load_3 = load i8* %b_addr_3, align 1

]]></Node>
<StgValue><ssdm name="b_load_3"/></StgValue>
</operation>
</state>

<state id="4" st_id="4">

<operation id="69" st_id="4" stage="1" lat="2">
<core>RAM</core>
<MemPortIdVec></MemPortIdVec>
<condition id="0">
<or_exp><and_exp><literal name="exitcond2" val="0"/>
</and_exp></or_exp>
</condition>

<Node id="61" bw="8" op_0_bw="4">
<![CDATA[
:30  %a_load_2 = load i8* %a_addr_2, align 1

]]></Node>
<StgValue><ssdm name="a_load_2"/></StgValue>
</operation>

<operation id="70" st_id="4" stage="1" lat="1">
<core>NULL</core>
<MemPortIdVec></MemPortIdVec>
<condition id="0">
<or_exp><and_exp><literal name="exitcond2" val="0"/>
</and_exp></or_exp>
</condition>

<Node id="62" bw="16" op_0_bw="8">
<![CDATA[
:31  %tmp_0_2 = zext i8 %a_load_2 to i16

]]></Node>
<StgValue><ssdm name="tmp_0_2"/></StgValue>
</operation>

<operation id="71" st_id="4" stage="1" lat="2">
<core>RAM</core>
<MemPortIdVec></MemPortIdVec>
<condition id="0">
<or_exp><and_exp><literal name="exitcond2" val="0"/>
</and_exp></or_exp>
</condition>

<Node id="63" bw="8" op_0_bw="4">
<![CDATA[
:32  %b_load_2 = load i8* %b_addr_2, align 1

]]></Node>
<StgValue><ssdm name="b_load_2"/></StgValue>
</operation>

<operation id="72" st_id="4" stage="1" lat="1">
<core>NULL</core>
<MemPortIdVec></MemPortIdVec>
<condition id="0">
<or_exp><and_exp><literal name="exitcond2" val="0"/>
</and_exp></or_exp>
</condition>

<Node id="64" bw="16" op_0_bw="8">
<![CDATA[
:33  %tmp_1_0_2 = zext i8 %b_load_2 to i16

]]></Node>
<StgValue><ssdm name="tmp_1_0_2"/></StgValue>
</operation>

<operation id="73" st_id="4" stage="1" lat="1">
<core>Mul</core>
<MemPortIdVec></MemPortIdVec>
<condition id="0">
<or_exp><and_exp><literal name="exitcond2" val="0"/>
</and_exp></or_exp>
</condition>

<Node id="65" bw="16" op_0_bw="16" op_1_bw="16">
<![CDATA[
:34  %tmp_2_0_2 = mul i16 %tmp_0_2, %tmp_1_0_2

]]></Node>
<StgValue><ssdm name="tmp_2_0_2"/></StgValue>
</operation>

<operation id="74" st_id="4" stage="1" lat="2">
<core>RAM</core>
<MemPortIdVec></MemPortIdVec>
<condition id="0">
<or_exp><and_exp><literal name="exitcond2" val="0"/>
</and_exp></or_exp>
</condition>

<Node id="66" bw="8" op_0_bw="4">
<![CDATA[
:35  %a_load_3 = load i8* %a_addr_3, align 1

]]></Node>
<StgValue><ssdm name="a_load_3"/></StgValue>
</operation>

<operation id="75" st_id="4" stage="1" lat="1">
<core>NULL</core>
<MemPortIdVec></MemPortIdVec>
<condition id="0">
<or_exp><and_exp><literal name="exitcond2" val="0"/>
</and_exp></or_exp>
</condition>

<Node id="67" bw="16" op_0_bw="8">
<![CDATA[
:36  %tmp_0_3 = zext i8 %a_load_3 to i16

]]></Node>
<StgValue><ssdm name="tmp_0_3"/></StgValue>
</operation>

<operation id="76" st_id="4" stage="1" lat="2">
<core>RAM</core>
<MemPortIdVec></MemPortIdVec>
<condition id="0">
<or_exp><and_exp><literal name="exitcond2" val="0"/>
</and_exp></or_exp>
</condition>

<Node id="68" bw="8" op_0_bw="4">
<![CDATA[
:37  %b_load_3 = load i8* %b_addr_3, align 1

]]></Node>
<StgValue><ssdm name="b_load_3"/></StgValue>
</operation>

<operation id="77" st_id="4" stage="1" lat="1">
<core>NULL</core>
<MemPortIdVec></MemPortIdVec>
<condition id="0">
<or_exp><and_exp><literal name="exitcond2" val="0"/>
</and_exp></or_exp>
</condition>

<Node id="69" bw="16" op_0_bw="8">
<![CDATA[
:38  %tmp_1_0_3 = zext i8 %b_load_3 to i16

]]></Node>
<StgValue><ssdm name="tmp_1_0_3"/></StgValue>
</operation>

<operation id="78" st_id="4" stage="1" lat="1">
<core>Mul</core>
<MemPortIdVec></MemPortIdVec>
<condition id="0">
<or_exp><and_exp><literal name="exitcond2" val="0"/>
</and_exp></or_exp>
</condition>

<Node id="70" bw="16" op_0_bw="16" op_1_bw="16">
<![CDATA[
:39  %tmp_2_0_3 = mul i16 %tmp_0_3, %tmp_1_0_3

]]></Node>
<StgValue><ssdm name="tmp_2_0_3"/></StgValue>
</operation>

<operation id="79" st_id="4" stage="1" lat="1">
<core>AddSub</core>
<MemPortIdVec></MemPortIdVec>
<condition id="0">
<or_exp><and_exp><literal name="exitcond2" val="0"/>
</and_exp></or_exp>
</condition>

<Node id="71" bw="16" op_0_bw="16" op_1_bw="16">
<![CDATA[
:40  %tmp2 = add i16 %tmp_2_0_1, %tmp_2

]]></Node>
<StgValue><ssdm name="tmp2"/></StgValue>
</operation>

<operation id="80" st_id="4" stage="2" lat="2">
<core>RAM</core>
<MemPortIdVec></MemPortIdVec>
<condition id="0">
<or_exp><and_exp><literal name="exitcond2" val="0"/>
</and_exp></or_exp>
</condition>

<Node id="75" bw="8" op_0_bw="4">
<![CDATA[
:44  %b_load_4 = load i8* %b_addr_4, align 1

]]></Node>
<StgValue><ssdm name="b_load_4"/></StgValue>
</operation>

<operation id="81" st_id="4" stage="2" lat="2">
<core>RAM</core>
<MemPortIdVec></MemPortIdVec>
<condition id="0">
<or_exp><and_exp><literal name="exitcond2" val="0"/>
</and_exp></or_exp>
</condition>

<Node id="78" bw="8" op_0_bw="4">
<![CDATA[
:47  %b_load_5 = load i8* %b_addr_5, align 1

]]></Node>
<StgValue><ssdm name="b_load_5"/></StgValue>
</operation>
</state>

<state id="5" st_id="5">

<operation id="82" st_id="5" stage="1" lat="1">
<core>AddSub</core>
<MemPortIdVec></MemPortIdVec>
<condition id="0">
<or_exp><and_exp><literal name="exitcond2" val="0"/>
</and_exp></or_exp>
</condition>

<Node id="72" bw="16" op_0_bw="16" op_1_bw="16">
<![CDATA[
:41  %tmp3 = add i16 %tmp_2_0_3, %tmp_2_0_2

]]></Node>
<StgValue><ssdm name="tmp3"/></StgValue>
</operation>

<operation id="83" st_id="5" stage="1" lat="1">
<core>AddSub</core>
<MemPortIdVec></MemPortIdVec>
<condition id="0">
<or_exp><and_exp><literal name="exitcond2" val="0"/>
</and_exp></or_exp>
</condition>

<Node id="73" bw="16" op_0_bw="16" op_1_bw="16">
<![CDATA[
:42  %tmp_3_0_3 = add i16 %tmp2, %tmp3

]]></Node>
<StgValue><ssdm name="tmp_3_0_3"/></StgValue>
</operation>

<operation id="84" st_id="5" stage="1" lat="2">
<core>RAM</core>
<MemPortIdVec></MemPortIdVec>
<condition id="0">
<or_exp><and_exp><literal name="exitcond2" val="0"/>
</and_exp></or_exp>
</condition>

<Node id="75" bw="8" op_0_bw="4">
<![CDATA[
:44  %b_load_4 = load i8* %b_addr_4, align 1

]]></Node>
<StgValue><ssdm name="b_load_4"/></StgValue>
</operation>

<operation id="85" st_id="5" stage="1" lat="1">
<core>NULL</core>
<MemPortIdVec></MemPortIdVec>
<condition id="0">
<or_exp><and_exp><literal name="exitcond2" val="0"/>
</and_exp></or_exp>
</condition>

<Node id="76" bw="16" op_0_bw="8">
<![CDATA[
:45  %tmp_1_1 = zext i8 %b_load_4 to i16

]]></Node>
<StgValue><ssdm name="tmp_1_1"/></StgValue>
</operation>

<operation id="86" st_id="5" stage="1" lat="1">
<core>Mul</core>
<MemPortIdVec></MemPortIdVec>
<condition id="0">
<or_exp><and_exp><literal name="exitcond2" val="0"/>
</and_exp></or_exp>
</condition>

<Node id="77" bw="16" op_0_bw="16" op_1_bw="16">
<![CDATA[
:46  %tmp_2_1 = mul i16 %tmp1, %tmp_1_1

]]></Node>
<StgValue><ssdm name="tmp_2_1"/></StgValue>
</operation>

<operation id="87" st_id="5" stage="1" lat="2">
<core>RAM</core>
<MemPortIdVec></MemPortIdVec>
<condition id="0">
<or_exp><and_exp><literal name="exitcond2" val="0"/>
</and_exp></or_exp>
</condition>

<Node id="78" bw="8" op_0_bw="4">
<![CDATA[
:47  %b_load_5 = load i8* %b_addr_5, align 1

]]></Node>
<StgValue><ssdm name="b_load_5"/></StgValue>
</operation>

<operation id="88" st_id="5" stage="1" lat="1">
<core>NULL</core>
<MemPortIdVec></MemPortIdVec>
<condition id="0">
<or_exp><and_exp><literal name="exitcond2" val="0"/>
</and_exp></or_exp>
</condition>

<Node id="79" bw="16" op_0_bw="8">
<![CDATA[
:48  %tmp_1_1_1 = zext i8 %b_load_5 to i16

]]></Node>
<StgValue><ssdm name="tmp_1_1_1"/></StgValue>
</operation>

<operation id="89" st_id="5" stage="1" lat="1">
<core>Mul</core>
<MemPortIdVec></MemPortIdVec>
<condition id="0">
<or_exp><and_exp><literal name="exitcond2" val="0"/>
</and_exp></or_exp>
</condition>

<Node id="80" bw="16" op_0_bw="16" op_1_bw="16">
<![CDATA[
:49  %tmp_2_1_1 = mul i16 %tmp_0_1, %tmp_1_1_1

]]></Node>
<StgValue><ssdm name="tmp_2_1_1"/></StgValue>
</operation>

<operation id="90" st_id="5" stage="2" lat="2">
<core>RAM</core>
<MemPortIdVec></MemPortIdVec>
<condition id="0">
<or_exp><and_exp><literal name="exitcond2" val="0"/>
</and_exp></or_exp>
</condition>

<Node id="81" bw="8" op_0_bw="4">
<![CDATA[
:50  %b_load_6 = load i8* %b_addr_6, align 1

]]></Node>
<StgValue><ssdm name="b_load_6"/></StgValue>
</operation>

<operation id="91" st_id="5" stage="2" lat="2">
<core>RAM</core>
<MemPortIdVec></MemPortIdVec>
<condition id="0">
<or_exp><and_exp><literal name="exitcond2" val="0"/>
</and_exp></or_exp>
</condition>

<Node id="84" bw="8" op_0_bw="4">
<![CDATA[
:53  %b_load_7 = load i8* %b_addr_7, align 1

]]></Node>
<StgValue><ssdm name="b_load_7"/></StgValue>
</operation>
</state>

<state id="6" st_id="6">

<operation id="92" st_id="6" stage="1" lat="1">
<core>NULL</core>
<MemPortIdVec></MemPortIdVec>
<condition id="0">
<or_exp><and_exp><literal name="exitcond2" val="0"/>
</and_exp></or_exp>
</condition>

<Node id="43" bw="4" op_0_bw="16" op_1_bw="32" op_2_bw="32">
<![CDATA[
:12  %res_addr = getelementptr [16 x i16]* %res, i32 0, i32 %tmp_4

]]></Node>
<StgValue><ssdm name="res_addr"/></StgValue>
</operation>

<operation id="93" st_id="6" stage="1" lat="1">
<core>RAM</core>
<MemPortIdVec></MemPortIdVec>
<condition id="0">
<or_exp><and_exp><literal name="exitcond2" val="0"/>
</and_exp></or_exp>
</condition>

<Node id="74" bw="0" op_0_bw="16" op_1_bw="4">
<![CDATA[
:43  store i16 %tmp_3_0_3, i16* %res_addr, align 2

]]></Node>
<StgValue><ssdm name=""/></StgValue>
</operation>

<operation id="94" st_id="6" stage="1" lat="2">
<core>RAM</core>
<MemPortIdVec></MemPortIdVec>
<condition id="0">
<or_exp><and_exp><literal name="exitcond2" val="0"/>
</and_exp></or_exp>
</condition>

<Node id="81" bw="8" op_0_bw="4">
<![CDATA[
:50  %b_load_6 = load i8* %b_addr_6, align 1

]]></Node>
<StgValue><ssdm name="b_load_6"/></StgValue>
</operation>

<operation id="95" st_id="6" stage="1" lat="1">
<core>NULL</core>
<MemPortIdVec></MemPortIdVec>
<condition id="0">
<or_exp><and_exp><literal name="exitcond2" val="0"/>
</and_exp></or_exp>
</condition>

<Node id="82" bw="16" op_0_bw="8">
<![CDATA[
:51  %tmp_1_1_2 = zext i8 %b_load_6 to i16

]]></Node>
<StgValue><ssdm name="tmp_1_1_2"/></StgValue>
</operation>

<operation id="96" st_id="6" stage="1" lat="1">
<core>Mul</core>
<MemPortIdVec></MemPortIdVec>
<condition id="0">
<or_exp><and_exp><literal name="exitcond2" val="0"/>
</and_exp></or_exp>
</condition>

<Node id="83" bw="16" op_0_bw="16" op_1_bw="16">
<![CDATA[
:52  %tmp_2_1_2 = mul i16 %tmp_0_2, %tmp_1_1_2

]]></Node>
<StgValue><ssdm name="tmp_2_1_2"/></StgValue>
</operation>

<operation id="97" st_id="6" stage="1" lat="2">
<core>RAM</core>
<MemPortIdVec></MemPortIdVec>
<condition id="0">
<or_exp><and_exp><literal name="exitcond2" val="0"/>
</and_exp></or_exp>
</condition>

<Node id="84" bw="8" op_0_bw="4">
<![CDATA[
:53  %b_load_7 = load i8* %b_addr_7, align 1

]]></Node>
<StgValue><ssdm name="b_load_7"/></StgValue>
</operation>

<operation id="98" st_id="6" stage="1" lat="1">
<core>NULL</core>
<MemPortIdVec></MemPortIdVec>
<condition id="0">
<or_exp><and_exp><literal name="exitcond2" val="0"/>
</and_exp></or_exp>
</condition>

<Node id="85" bw="16" op_0_bw="8">
<![CDATA[
:54  %tmp_1_1_3 = zext i8 %b_load_7 to i16

]]></Node>
<StgValue><ssdm name="tmp_1_1_3"/></StgValue>
</operation>

<operation id="99" st_id="6" stage="1" lat="1">
<core>Mul</core>
<MemPortIdVec></MemPortIdVec>
<condition id="0">
<or_exp><and_exp><literal name="exitcond2" val="0"/>
</and_exp></or_exp>
</condition>

<Node id="86" bw="16" op_0_bw="16" op_1_bw="16">
<![CDATA[
:55  %tmp_2_1_3 = mul i16 %tmp_0_3, %tmp_1_1_3

]]></Node>
<StgValue><ssdm name="tmp_2_1_3"/></StgValue>
</operation>

<operation id="100" st_id="6" stage="1" lat="1">
<core>AddSub</core>
<MemPortIdVec></MemPortIdVec>
<condition id="0">
<or_exp><and_exp><literal name="exitcond2" val="0"/>
</and_exp></or_exp>
</condition>

<Node id="87" bw="16" op_0_bw="16" op_1_bw="16">
<![CDATA[
:56  %tmp4 = add i16 %tmp_2_1_1, %tmp_2_1

]]></Node>
<StgValue><ssdm name="tmp4"/></StgValue>
</operation>

<operation id="101" st_id="6" stage="2" lat="2">
<core>RAM</core>
<MemPortIdVec></MemPortIdVec>
<condition id="0">
<or_exp><and_exp><literal name="exitcond2" val="0"/>
</and_exp></or_exp>
</condition>

<Node id="91" bw="8" op_0_bw="4">
<![CDATA[
:60  %b_load_8 = load i8* %b_addr_8, align 1

]]></Node>
<StgValue><ssdm name="b_load_8"/></StgValue>
</operation>

<operation id="102" st_id="6" stage="2" lat="2">
<core>RAM</core>
<MemPortIdVec></MemPortIdVec>
<condition id="0">
<or_exp><and_exp><literal name="exitcond2" val="0"/>
</and_exp></or_exp>
</condition>

<Node id="94" bw="8" op_0_bw="4">
<![CDATA[
:63  %b_load_9 = load i8* %b_addr_9, align 1

]]></Node>
<StgValue><ssdm name="b_load_9"/></StgValue>
</operation>
</state>

<state id="7" st_id="7">

<operation id="103" st_id="7" stage="1" lat="1">
<core>AddSub</core>
<MemPortIdVec></MemPortIdVec>
<condition id="0">
<or_exp><and_exp><literal name="exitcond2" val="0"/>
</and_exp></or_exp>
</condition>

<Node id="88" bw="16" op_0_bw="16" op_1_bw="16">
<![CDATA[
:57  %tmp5 = add i16 %tmp_2_1_3, %tmp_2_1_2

]]></Node>
<StgValue><ssdm name="tmp5"/></StgValue>
</operation>

<operation id="104" st_id="7" stage="1" lat="1">
<core>AddSub</core>
<MemPortIdVec></MemPortIdVec>
<condition id="0">
<or_exp><and_exp><literal name="exitcond2" val="0"/>
</and_exp></or_exp>
</condition>

<Node id="89" bw="16" op_0_bw="16" op_1_bw="16">
<![CDATA[
:58  %tmp_3_1_3 = add i16 %tmp4, %tmp5

]]></Node>
<StgValue><ssdm name="tmp_3_1_3"/></StgValue>
</operation>

<operation id="105" st_id="7" stage="1" lat="2">
<core>RAM</core>
<MemPortIdVec></MemPortIdVec>
<condition id="0">
<or_exp><and_exp><literal name="exitcond2" val="0"/>
</and_exp></or_exp>
</condition>

<Node id="91" bw="8" op_0_bw="4">
<![CDATA[
:60  %b_load_8 = load i8* %b_addr_8, align 1

]]></Node>
<StgValue><ssdm name="b_load_8"/></StgValue>
</operation>

<operation id="106" st_id="7" stage="1" lat="1">
<core>NULL</core>
<MemPortIdVec></MemPortIdVec>
<condition id="0">
<or_exp><and_exp><literal name="exitcond2" val="0"/>
</and_exp></or_exp>
</condition>

<Node id="92" bw="16" op_0_bw="8">
<![CDATA[
:61  %tmp_1_2 = zext i8 %b_load_8 to i16

]]></Node>
<StgValue><ssdm name="tmp_1_2"/></StgValue>
</operation>

<operation id="107" st_id="7" stage="1" lat="1">
<core>Mul</core>
<MemPortIdVec></MemPortIdVec>
<condition id="0">
<or_exp><and_exp><literal name="exitcond2" val="0"/>
</and_exp></or_exp>
</condition>

<Node id="93" bw="16" op_0_bw="16" op_1_bw="16">
<![CDATA[
:62  %tmp_2_2 = mul i16 %tmp1, %tmp_1_2

]]></Node>
<StgValue><ssdm name="tmp_2_2"/></StgValue>
</operation>

<operation id="108" st_id="7" stage="1" lat="2">
<core>RAM</core>
<MemPortIdVec></MemPortIdVec>
<condition id="0">
<or_exp><and_exp><literal name="exitcond2" val="0"/>
</and_exp></or_exp>
</condition>

<Node id="94" bw="8" op_0_bw="4">
<![CDATA[
:63  %b_load_9 = load i8* %b_addr_9, align 1

]]></Node>
<StgValue><ssdm name="b_load_9"/></StgValue>
</operation>

<operation id="109" st_id="7" stage="1" lat="1">
<core>NULL</core>
<MemPortIdVec></MemPortIdVec>
<condition id="0">
<or_exp><and_exp><literal name="exitcond2" val="0"/>
</and_exp></or_exp>
</condition>

<Node id="95" bw="16" op_0_bw="8">
<![CDATA[
:64  %tmp_1_2_1 = zext i8 %b_load_9 to i16

]]></Node>
<StgValue><ssdm name="tmp_1_2_1"/></StgValue>
</operation>

<operation id="110" st_id="7" stage="1" lat="1">
<core>Mul</core>
<MemPortIdVec></MemPortIdVec>
<condition id="0">
<or_exp><and_exp><literal name="exitcond2" val="0"/>
</and_exp></or_exp>
</condition>

<Node id="96" bw="16" op_0_bw="16" op_1_bw="16">
<![CDATA[
:65  %tmp_2_2_1 = mul i16 %tmp_0_1, %tmp_1_2_1

]]></Node>
<StgValue><ssdm name="tmp_2_2_1"/></StgValue>
</operation>

<operation id="111" st_id="7" stage="2" lat="2">
<core>RAM</core>
<MemPortIdVec></MemPortIdVec>
<condition id="0">
<or_exp><and_exp><literal name="exitcond2" val="0"/>
</and_exp></or_exp>
</condition>

<Node id="97" bw="8" op_0_bw="4">
<![CDATA[
:66  %b_load_10 = load i8* %b_addr_10, align 1

]]></Node>
<StgValue><ssdm name="b_load_10"/></StgValue>
</operation>

<operation id="112" st_id="7" stage="2" lat="2">
<core>RAM</core>
<MemPortIdVec></MemPortIdVec>
<condition id="0">
<or_exp><and_exp><literal name="exitcond2" val="0"/>
</and_exp></or_exp>
</condition>

<Node id="100" bw="8" op_0_bw="4">
<![CDATA[
:69  %b_load_11 = load i8* %b_addr_11, align 1

]]></Node>
<StgValue><ssdm name="b_load_11"/></StgValue>
</operation>
</state>

<state id="8" st_id="8">

<operation id="113" st_id="8" stage="1" lat="1">
<core>NULL</core>
<MemPortIdVec></MemPortIdVec>
<condition id="0">
<or_exp><and_exp><literal name="exitcond2" val="0"/>
</and_exp></or_exp>
</condition>

<Node id="44" bw="4" op_0_bw="16" op_1_bw="32" op_2_bw="32">
<![CDATA[
:13  %res_addr_1 = getelementptr [16 x i16]* %res, i32 0, i32 %tmp_6

]]></Node>
<StgValue><ssdm name="res_addr_1"/></StgValue>
</operation>

<operation id="114" st_id="8" stage="1" lat="1">
<core>RAM</core>
<MemPortIdVec></MemPortIdVec>
<condition id="0">
<or_exp><and_exp><literal name="exitcond2" val="0"/>
</and_exp></or_exp>
</condition>

<Node id="90" bw="0" op_0_bw="16" op_1_bw="4">
<![CDATA[
:59  store i16 %tmp_3_1_3, i16* %res_addr_1, align 2

]]></Node>
<StgValue><ssdm name=""/></StgValue>
</operation>

<operation id="115" st_id="8" stage="1" lat="2">
<core>RAM</core>
<MemPortIdVec></MemPortIdVec>
<condition id="0">
<or_exp><and_exp><literal name="exitcond2" val="0"/>
</and_exp></or_exp>
</condition>

<Node id="97" bw="8" op_0_bw="4">
<![CDATA[
:66  %b_load_10 = load i8* %b_addr_10, align 1

]]></Node>
<StgValue><ssdm name="b_load_10"/></StgValue>
</operation>

<operation id="116" st_id="8" stage="1" lat="1">
<core>NULL</core>
<MemPortIdVec></MemPortIdVec>
<condition id="0">
<or_exp><and_exp><literal name="exitcond2" val="0"/>
</and_exp></or_exp>
</condition>

<Node id="98" bw="16" op_0_bw="8">
<![CDATA[
:67  %tmp_1_2_2 = zext i8 %b_load_10 to i16

]]></Node>
<StgValue><ssdm name="tmp_1_2_2"/></StgValue>
</operation>

<operation id="117" st_id="8" stage="1" lat="1">
<core>Mul</core>
<MemPortIdVec></MemPortIdVec>
<condition id="0">
<or_exp><and_exp><literal name="exitcond2" val="0"/>
</and_exp></or_exp>
</condition>

<Node id="99" bw="16" op_0_bw="16" op_1_bw="16">
<![CDATA[
:68  %tmp_2_2_2 = mul i16 %tmp_0_2, %tmp_1_2_2

]]></Node>
<StgValue><ssdm name="tmp_2_2_2"/></StgValue>
</operation>

<operation id="118" st_id="8" stage="1" lat="2">
<core>RAM</core>
<MemPortIdVec></MemPortIdVec>
<condition id="0">
<or_exp><and_exp><literal name="exitcond2" val="0"/>
</and_exp></or_exp>
</condition>

<Node id="100" bw="8" op_0_bw="4">
<![CDATA[
:69  %b_load_11 = load i8* %b_addr_11, align 1

]]></Node>
<StgValue><ssdm name="b_load_11"/></StgValue>
</operation>

<operation id="119" st_id="8" stage="1" lat="1">
<core>NULL</core>
<MemPortIdVec></MemPortIdVec>
<condition id="0">
<or_exp><and_exp><literal name="exitcond2" val="0"/>
</and_exp></or_exp>
</condition>

<Node id="101" bw="16" op_0_bw="8">
<![CDATA[
:70  %tmp_1_2_3 = zext i8 %b_load_11 to i16

]]></Node>
<StgValue><ssdm name="tmp_1_2_3"/></StgValue>
</operation>

<operation id="120" st_id="8" stage="1" lat="1">
<core>Mul</core>
<MemPortIdVec></MemPortIdVec>
<condition id="0">
<or_exp><and_exp><literal name="exitcond2" val="0"/>
</and_exp></or_exp>
</condition>

<Node id="102" bw="16" op_0_bw="16" op_1_bw="16">
<![CDATA[
:71  %tmp_2_2_3 = mul i16 %tmp_0_3, %tmp_1_2_3

]]></Node>
<StgValue><ssdm name="tmp_2_2_3"/></StgValue>
</operation>

<operation id="121" st_id="8" stage="1" lat="1">
<core>AddSub</core>
<MemPortIdVec></MemPortIdVec>
<condition id="0">
<or_exp><and_exp><literal name="exitcond2" val="0"/>
</and_exp></or_exp>
</condition>

<Node id="103" bw="16" op_0_bw="16" op_1_bw="16">
<![CDATA[
:72  %tmp6 = add i16 %tmp_2_2_1, %tmp_2_2

]]></Node>
<StgValue><ssdm name="tmp6"/></StgValue>
</operation>

<operation id="122" st_id="8" stage="2" lat="2">
<core>RAM</core>
<MemPortIdVec></MemPortIdVec>
<condition id="0">
<or_exp><and_exp><literal name="exitcond2" val="0"/>
</and_exp></or_exp>
</condition>

<Node id="107" bw="8" op_0_bw="4">
<![CDATA[
:76  %b_load_12 = load i8* %b_addr_12, align 1

]]></Node>
<StgValue><ssdm name="b_load_12"/></StgValue>
</operation>

<operation id="123" st_id="8" stage="2" lat="2">
<core>RAM</core>
<MemPortIdVec></MemPortIdVec>
<condition id="0">
<or_exp><and_exp><literal name="exitcond2" val="0"/>
</and_exp></or_exp>
</condition>

<Node id="110" bw="8" op_0_bw="4">
<![CDATA[
:79  %b_load_13 = load i8* %b_addr_13, align 1

]]></Node>
<StgValue><ssdm name="b_load_13"/></StgValue>
</operation>
</state>

<state id="9" st_id="9">

<operation id="124" st_id="9" stage="1" lat="1">
<core>AddSub</core>
<MemPortIdVec></MemPortIdVec>
<condition id="0">
<or_exp><and_exp><literal name="exitcond2" val="0"/>
</and_exp></or_exp>
</condition>

<Node id="104" bw="16" op_0_bw="16" op_1_bw="16">
<![CDATA[
:73  %tmp7 = add i16 %tmp_2_2_3, %tmp_2_2_2

]]></Node>
<StgValue><ssdm name="tmp7"/></StgValue>
</operation>

<operation id="125" st_id="9" stage="1" lat="1">
<core>AddSub</core>
<MemPortIdVec></MemPortIdVec>
<condition id="0">
<or_exp><and_exp><literal name="exitcond2" val="0"/>
</and_exp></or_exp>
</condition>

<Node id="105" bw="16" op_0_bw="16" op_1_bw="16">
<![CDATA[
:74  %tmp_3_2_3 = add i16 %tmp6, %tmp7

]]></Node>
<StgValue><ssdm name="tmp_3_2_3"/></StgValue>
</operation>

<operation id="126" st_id="9" stage="1" lat="2">
<core>RAM</core>
<MemPortIdVec></MemPortIdVec>
<condition id="0">
<or_exp><and_exp><literal name="exitcond2" val="0"/>
</and_exp></or_exp>
</condition>

<Node id="107" bw="8" op_0_bw="4">
<![CDATA[
:76  %b_load_12 = load i8* %b_addr_12, align 1

]]></Node>
<StgValue><ssdm name="b_load_12"/></StgValue>
</operation>

<operation id="127" st_id="9" stage="1" lat="1">
<core>NULL</core>
<MemPortIdVec></MemPortIdVec>
<condition id="0">
<or_exp><and_exp><literal name="exitcond2" val="0"/>
</and_exp></or_exp>
</condition>

<Node id="108" bw="16" op_0_bw="8">
<![CDATA[
:77  %tmp_1_3 = zext i8 %b_load_12 to i16

]]></Node>
<StgValue><ssdm name="tmp_1_3"/></StgValue>
</operation>

<operation id="128" st_id="9" stage="1" lat="1">
<core>Mul</core>
<MemPortIdVec></MemPortIdVec>
<condition id="0">
<or_exp><and_exp><literal name="exitcond2" val="0"/>
</and_exp></or_exp>
</condition>

<Node id="109" bw="16" op_0_bw="16" op_1_bw="16">
<![CDATA[
:78  %tmp_2_3 = mul i16 %tmp1, %tmp_1_3

]]></Node>
<StgValue><ssdm name="tmp_2_3"/></StgValue>
</operation>

<operation id="129" st_id="9" stage="1" lat="2">
<core>RAM</core>
<MemPortIdVec></MemPortIdVec>
<condition id="0">
<or_exp><and_exp><literal name="exitcond2" val="0"/>
</and_exp></or_exp>
</condition>

<Node id="110" bw="8" op_0_bw="4">
<![CDATA[
:79  %b_load_13 = load i8* %b_addr_13, align 1

]]></Node>
<StgValue><ssdm name="b_load_13"/></StgValue>
</operation>

<operation id="130" st_id="9" stage="1" lat="1">
<core>NULL</core>
<MemPortIdVec></MemPortIdVec>
<condition id="0">
<or_exp><and_exp><literal name="exitcond2" val="0"/>
</and_exp></or_exp>
</condition>

<Node id="111" bw="16" op_0_bw="8">
<![CDATA[
:80  %tmp_1_3_1 = zext i8 %b_load_13 to i16

]]></Node>
<StgValue><ssdm name="tmp_1_3_1"/></StgValue>
</operation>

<operation id="131" st_id="9" stage="1" lat="1">
<core>Mul</core>
<MemPortIdVec></MemPortIdVec>
<condition id="0">
<or_exp><and_exp><literal name="exitcond2" val="0"/>
</and_exp></or_exp>
</condition>

<Node id="112" bw="16" op_0_bw="16" op_1_bw="16">
<![CDATA[
:81  %tmp_2_3_1 = mul i16 %tmp_0_1, %tmp_1_3_1

]]></Node>
<StgValue><ssdm name="tmp_2_3_1"/></StgValue>
</operation>

<operation id="132" st_id="9" stage="2" lat="2">
<core>RAM</core>
<MemPortIdVec></MemPortIdVec>
<condition id="0">
<or_exp><and_exp><literal name="exitcond2" val="0"/>
</and_exp></or_exp>
</condition>

<Node id="113" bw="8" op_0_bw="4">
<![CDATA[
:82  %b_load_14 = load i8* %b_addr_14, align 1

]]></Node>
<StgValue><ssdm name="b_load_14"/></StgValue>
</operation>

<operation id="133" st_id="9" stage="2" lat="2">
<core>RAM</core>
<MemPortIdVec></MemPortIdVec>
<condition id="0">
<or_exp><and_exp><literal name="exitcond2" val="0"/>
</and_exp></or_exp>
</condition>

<Node id="116" bw="8" op_0_bw="4">
<![CDATA[
:85  %b_load_15 = load i8* %b_addr_15, align 1

]]></Node>
<StgValue><ssdm name="b_load_15"/></StgValue>
</operation>
</state>

<state id="10" st_id="10">

<operation id="134" st_id="10" stage="1" lat="1">
<core>NULL</core>
<MemPortIdVec></MemPortIdVec>
<condition id="0">
<or_exp><and_exp><literal name="exitcond2" val="0"/>
</and_exp></or_exp>
</condition>

<Node id="45" bw="4" op_0_bw="16" op_1_bw="32" op_2_bw="32">
<![CDATA[
:14  %res_addr_2 = getelementptr [16 x i16]* %res, i32 0, i32 %tmp_8

]]></Node>
<StgValue><ssdm name="res_addr_2"/></StgValue>
</operation>

<operation id="135" st_id="10" stage="1" lat="1">
<core>RAM</core>
<MemPortIdVec></MemPortIdVec>
<condition id="0">
<or_exp><and_exp><literal name="exitcond2" val="0"/>
</and_exp></or_exp>
</condition>

<Node id="106" bw="0" op_0_bw="16" op_1_bw="4">
<![CDATA[
:75  store i16 %tmp_3_2_3, i16* %res_addr_2, align 2

]]></Node>
<StgValue><ssdm name=""/></StgValue>
</operation>

<operation id="136" st_id="10" stage="1" lat="2">
<core>RAM</core>
<MemPortIdVec></MemPortIdVec>
<condition id="0">
<or_exp><and_exp><literal name="exitcond2" val="0"/>
</and_exp></or_exp>
</condition>

<Node id="113" bw="8" op_0_bw="4">
<![CDATA[
:82  %b_load_14 = load i8* %b_addr_14, align 1

]]></Node>
<StgValue><ssdm name="b_load_14"/></StgValue>
</operation>

<operation id="137" st_id="10" stage="1" lat="1">
<core>NULL</core>
<MemPortIdVec></MemPortIdVec>
<condition id="0">
<or_exp><and_exp><literal name="exitcond2" val="0"/>
</and_exp></or_exp>
</condition>

<Node id="114" bw="16" op_0_bw="8">
<![CDATA[
:83  %tmp_1_3_2 = zext i8 %b_load_14 to i16

]]></Node>
<StgValue><ssdm name="tmp_1_3_2"/></StgValue>
</operation>

<operation id="138" st_id="10" stage="1" lat="1">
<core>Mul</core>
<MemPortIdVec></MemPortIdVec>
<condition id="0">
<or_exp><and_exp><literal name="exitcond2" val="0"/>
</and_exp></or_exp>
</condition>

<Node id="115" bw="16" op_0_bw="16" op_1_bw="16">
<![CDATA[
:84  %tmp_2_3_2 = mul i16 %tmp_0_2, %tmp_1_3_2

]]></Node>
<StgValue><ssdm name="tmp_2_3_2"/></StgValue>
</operation>

<operation id="139" st_id="10" stage="1" lat="2">
<core>RAM</core>
<MemPortIdVec></MemPortIdVec>
<condition id="0">
<or_exp><and_exp><literal name="exitcond2" val="0"/>
</and_exp></or_exp>
</condition>

<Node id="116" bw="8" op_0_bw="4">
<![CDATA[
:85  %b_load_15 = load i8* %b_addr_15, align 1

]]></Node>
<StgValue><ssdm name="b_load_15"/></StgValue>
</operation>

<operation id="140" st_id="10" stage="1" lat="1">
<core>NULL</core>
<MemPortIdVec></MemPortIdVec>
<condition id="0">
<or_exp><and_exp><literal name="exitcond2" val="0"/>
</and_exp></or_exp>
</condition>

<Node id="117" bw="16" op_0_bw="8">
<![CDATA[
:86  %tmp_1_3_3 = zext i8 %b_load_15 to i16

]]></Node>
<StgValue><ssdm name="tmp_1_3_3"/></StgValue>
</operation>

<operation id="141" st_id="10" stage="1" lat="1">
<core>Mul</core>
<MemPortIdVec></MemPortIdVec>
<condition id="0">
<or_exp><and_exp><literal name="exitcond2" val="0"/>
</and_exp></or_exp>
</condition>

<Node id="118" bw="16" op_0_bw="16" op_1_bw="16">
<![CDATA[
:87  %tmp_2_3_3 = mul i16 %tmp_0_3, %tmp_1_3_3

]]></Node>
<StgValue><ssdm name="tmp_2_3_3"/></StgValue>
</operation>

<operation id="142" st_id="10" stage="1" lat="1">
<core>AddSub</core>
<MemPortIdVec></MemPortIdVec>
<condition id="0">
<or_exp><and_exp><literal name="exitcond2" val="0"/>
</and_exp></or_exp>
</condition>

<Node id="119" bw="16" op_0_bw="16" op_1_bw="16">
<![CDATA[
:88  %tmp8 = add i16 %tmp_2_3_1, %tmp_2_3

]]></Node>
<StgValue><ssdm name="tmp8"/></StgValue>
</operation>
</state>

<state id="11" st_id="11">

<operation id="143" st_id="11" stage="1" lat="1">
<core>AddSub</core>
<MemPortIdVec></MemPortIdVec>
<condition id="0">
<or_exp><and_exp><literal name="exitcond2" val="0"/>
</and_exp></or_exp>
</condition>

<Node id="120" bw="16" op_0_bw="16" op_1_bw="16">
<![CDATA[
:89  %tmp9 = add i16 %tmp_2_3_3, %tmp_2_3_2

]]></Node>
<StgValue><ssdm name="tmp9"/></StgValue>
</operation>

<operation id="144" st_id="11" stage="1" lat="1">
<core>AddSub</core>
<MemPortIdVec></MemPortIdVec>
<condition id="0">
<or_exp><and_exp><literal name="exitcond2" val="0"/>
</and_exp></or_exp>
</condition>

<Node id="121" bw="16" op_0_bw="16" op_1_bw="16">
<![CDATA[
:90  %tmp_3_3_3 = add i16 %tmp8, %tmp9

]]></Node>
<StgValue><ssdm name="tmp_3_3_3"/></StgValue>
</operation>
</state>

<state id="12" st_id="12">

<operation id="145" st_id="12" stage="1" lat="1">
<core>NULL</core>
<MemPortIdVec></MemPortIdVec>
<condition id="0">
<or_exp><and_exp><literal name="exitcond2" val="0"/>
</and_exp></or_exp>
</condition>

<Node id="46" bw="4" op_0_bw="16" op_1_bw="32" op_2_bw="32">
<![CDATA[
:15  %res_addr_3 = getelementptr [16 x i16]* %res, i32 0, i32 %tmp_s

]]></Node>
<StgValue><ssdm name="res_addr_3"/></StgValue>
</operation>

<operation id="146" st_id="12" stage="1" lat="1">
<core>NULL</core>
<MemPortIdVec></MemPortIdVec>
<condition id="0">
<or_exp><and_exp><literal name="exitcond2" val="0"/>
</and_exp></or_exp>
</condition>

<Node id="47" bw="32" op_0_bw="32" op_1_bw="64" op_2_bw="64" op_3_bw="64">
<![CDATA[
:16  %empty = call i32 (...)* @_ssdm_op_SpecLoopTripCount(i64 4, i64 4, i64 4) nounwind

]]></Node>
<StgValue><ssdm name="empty"/></StgValue>
</operation>

<operation id="147" st_id="12" stage="1" lat="1">
<core>NULL</core>
<MemPortIdVec></MemPortIdVec>
<condition id="0">
<or_exp><and_exp><literal name="exitcond2" val="0"/>
</and_exp></or_exp>
</condition>

<Node id="48" bw="0" op_0_bw="0" op_1_bw="0">
<![CDATA[
:17  call void (...)* @_ssdm_op_SpecLoopName([4 x i8]* @p_str) nounwind

]]></Node>
<StgValue><ssdm name=""/></StgValue>
</operation>

<operation id="148" st_id="12" stage="1" lat="1">
<core>NULL</core>
<MemPortIdVec></MemPortIdVec>
<condition id="0">
<or_exp><and_exp><literal name="exitcond2" val="0"/>
</and_exp></or_exp>
</condition>

<Node id="49" bw="32" op_0_bw="32" op_1_bw="0">
<![CDATA[
:18  %tmp = call i32 (...)* @_ssdm_op_SpecRegionBegin([4 x i8]* @p_str) nounwind

]]></Node>
<StgValue><ssdm name="tmp"/></StgValue>
</operation>

<operation id="149" st_id="12" stage="1" lat="1">
<core>NULL</core>
<MemPortIdVec></MemPortIdVec>
<condition id="0">
<or_exp><and_exp><literal name="exitcond2" val="0"/>
</and_exp></or_exp>
</condition>

<Node id="50" bw="0" op_0_bw="0" op_1_bw="32" op_2_bw="32" op_3_bw="32" op_4_bw="32" op_5_bw="0">
<![CDATA[
:19  call void (...)* @_ssdm_op_SpecPipeline(i32 -1, i32 1, i32 1, i32 0, [1 x i8]* @p_str1) nounwind

]]></Node>
<StgValue><ssdm name=""/></StgValue>
</operation>

<operation id="150" st_id="12" stage="1" lat="1">
<core>RAM</core>
<MemPortIdVec></MemPortIdVec>
<condition id="0">
<or_exp><and_exp><literal name="exitcond2" val="0"/>
</and_exp></or_exp>
</condition>

<Node id="122" bw="0" op_0_bw="16" op_1_bw="4">
<![CDATA[
:91  store i16 %tmp_3_3_3, i16* %res_addr_3, align 2

]]></Node>
<StgValue><ssdm name=""/></StgValue>
</operation>

<operation id="151" st_id="12" stage="1" lat="1">
<core>NULL</core>
<MemPortIdVec></MemPortIdVec>
<condition id="0">
<or_exp><and_exp><literal name="exitcond2" val="0"/>
</and_exp></or_exp>
</condition>

<Node id="123" bw="32" op_0_bw="32" op_1_bw="0" op_2_bw="32">
<![CDATA[
:92  %empty_2 = call i32 (...)* @_ssdm_op_SpecRegionEnd([4 x i8]* @p_str, i32 %tmp) nounwind

]]></Node>
<StgValue><ssdm name="empty_2"/></StgValue>
</operation>

<operation id="152" st_id="12" stage="1" lat="1">
<core>NULL</core>
<MemPortIdVec></MemPortIdVec>
<condition id="0">
<or_exp><and_exp><literal name="exitcond2" val="0"/>
</and_exp></or_exp>
</condition>

<Node id="124" bw="0" op_0_bw="0">
<![CDATA[
:93  br label %1

]]></Node>
<StgValue><ssdm name=""/></StgValue>
</operation>
</state>

<state id="13" st_id="13">

<operation id="153" st_id="13" stage="1" lat="1">
<core>NULL</core>
<MemPortIdVec></MemPortIdVec>
<condition id="32">
<or_exp><and_exp></and_exp></or_exp>
</condition>

<Node id="126" bw="0">
<![CDATA[
:0  ret void

]]></Node>
<StgValue><ssdm name=""/></StgValue>
</operation>
</state>
</state_list>


<ports>
</ports>


<dataflows>
</dataflows>


</stg>
