<profile>

<section name = "Vivado HLS Report for 'matrixmul'" level="0">
<item name = "Date">Tue Nov 15 18:02:37 2016
</item>
<item name = "Version">2016.3 (Build 1682563 on Mon Oct 10 19:41:59 MDT 2016)</item>
<item name = "Project">Matrizes</item>
<item name = "Solution">Pipeline</item>
<item name = "Product family">spartan3e</item>
<item name = "Target device">xc3s500efg320-4</item>
</section>

<section name = "Performance Estimates" level="0">
<item name = "Timing (ns)">
<section name = "" level="1">
<item name = "Target clock period (ns)">10.00</item>
<item name = "Clock uncertainty (ns)">1.25</item>
<item name = "Estimated clock period (ns)">7.48</item>
</section>
</item>
<item name = "Latency (clock cycles)">
<section name = "" level="1">
<item name = "Summary"><table name="" hasTotal="0">
<keys size="6">, min, max, min, max, Type</keys>
<column name="">36, 36, 37, 37, none</column>
</table>
</item>
<item name = "Detail">
<section name = "" level="1">
<item name = "Instance"><table name="" hasTotal="0">
<keys size="7">Instance, Module, min, max, min, max, Type</keys>
</table>
</item>
<item name = "Loop"><table name="" hasTotal="0">
<keys size="8">Loop Name, min, max, Latency, achieved, target, Count, Pipelined</keys>
<column name="- Row">34, 34, 11, 8, 1, 4, yes</column>
</table>
</item>
</section>
</item>
</section>
</item>
</section>

<section name = "Utilization Estimates" level="0">
<item name = "Summary"><table name="" hasTotal="1">
<keys size="5">Name, BRAM_18K, FF, LUT, MULT18x18</keys>
<column name="DSP">-, -, -, -</column>
<column name="Expression">-, 0, 213, 16</column>
<column name="FIFO">-, -, -, -</column>
<column name="Instance">-, -, -, -</column>
<column name="Memory">-, -, -, -</column>
<column name="Multiplexer">-, -, 96, -</column>
<column name="Register">-, 454, -, -</column>
<specialColumn name="Available">20, 9312, 9312, 20</specialColumn>
<specialColumn name="Utilization (%)">0, 4, 3, 80</specialColumn>
</table>
</item>
<item name = "Detail">
<section name = "" level="1">
<item name = "Instance"><table name="" hasTotal="1">
<keys size="6">Instance, Module, BRAM_18K, DSP48E, FF, LUT</keys>
</table>
</item>
<item name = "DSP48"><table name="" hasTotal="0">
<keys size="3">Instance, Module, Expression</keys>
</table>
</item>
<item name = "Memory"><table name="" hasTotal="1">
<keys size="9">Memory, Module, BRAM_18K, FF, LUT, Words, Bits, Banks, W*Bits*Banks</keys>
</table>
</item>
<item name = "FIFO"><table name="" hasTotal="1">
<keys size="7">Name, BRAM_18K, FF, LUT, Depth, Bits, Size:D*B</keys>
</table>
</item>
<item name = "Expression"><table name="" hasTotal="1">
<keys size="7">Variable Name, Operation, DSP48E, FF, LUT, Bitwidth P0, Bitwidth P1</keys>
<column name="tmp_2_0_1_fu_393_p2">*, 0, 0, 0, 8, 8</column>
<column name="tmp_2_0_2_fu_407_p2">*, 0, 0, 0, 8, 8</column>
<column name="tmp_2_0_3_fu_421_p2">*, 0, 0, 0, 8, 8</column>
<column name="tmp_2_1_1_fu_453_p2">*, 0, 0, 0, 8, 8</column>
<column name="tmp_2_1_2_fu_462_p2">*, 0, 0, 0, 8, 8</column>
<column name="tmp_2_1_3_fu_471_p2">*, 0, 0, 0, 8, 8</column>
<column name="tmp_2_1_fu_444_p2">*, 0, 0, 0, 8, 8</column>
<column name="tmp_2_2_1_fu_502_p2">*, 0, 0, 0, 8, 8</column>
<column name="tmp_2_2_2_fu_511_p2">*, 0, 0, 0, 8, 8</column>
<column name="tmp_2_2_3_fu_520_p2">*, 0, 0, 0, 8, 8</column>
<column name="tmp_2_2_fu_493_p2">*, 0, 0, 0, 8, 8</column>
<column name="tmp_2_3_1_fu_551_p2">*, 0, 0, 0, 8, 8</column>
<column name="tmp_2_3_2_fu_560_p2">*, 0, 0, 0, 8, 8</column>
<column name="tmp_2_3_3_fu_569_p2">*, 0, 0, 0, 8, 8</column>
<column name="tmp_2_3_fu_542_p2">*, 0, 0, 0, 8, 8</column>
<column name="tmp_2_fu_379_p2">*, 0, 0, 0, 8, 8</column>
<column name="i_1_fu_309_p2">+, 0, 0, 3, 3, 1</column>
<column name="tmp2_fu_427_p2">+, 0, 0, 16, 16, 16</column>
<column name="tmp3_fu_431_p2">+, 0, 0, 16, 16, 16</column>
<column name="tmp4_fu_476_p2">+, 0, 0, 16, 16, 16</column>
<column name="tmp5_fu_480_p2">+, 0, 0, 16, 16, 16</column>
<column name="tmp6_fu_525_p2">+, 0, 0, 16, 16, 16</column>
<column name="tmp7_fu_529_p2">+, 0, 0, 16, 16, 16</column>
<column name="tmp8_fu_574_p2">+, 0, 0, 16, 16, 16</column>
<column name="tmp9_fu_578_p2">+, 0, 0, 16, 16, 16</column>
<column name="tmp_3_0_3_fu_435_p2">+, 0, 0, 16, 16, 16</column>
<column name="tmp_3_1_3_fu_484_p2">+, 0, 0, 16, 16, 16</column>
<column name="tmp_3_2_3_fu_533_p2">+, 0, 0, 16, 16, 16</column>
<column name="tmp_3_3_3_fu_582_p2">+, 0, 0, 16, 16, 16</column>
<column name="exitcond2_fu_303_p2">icmp, 0, 0, 3, 3, 4</column>
<column name="tmp_5_fu_328_p2">or, 0, 0, 5, 5, 1</column>
<column name="tmp_7_fu_343_p2">or, 0, 0, 5, 5, 2</column>
<column name="tmp_9_fu_357_p2">or, 0, 0, 5, 5, 2</column>
</table>
</item>
<item name = "Multiplexer"><table name="" hasTotal="1">
<keys size="5">Name, LUT, Input Size, Bits, Total Bits</keys>
<column name="a_address0">4, 3, 4, 12</column>
<column name="a_address1">4, 3, 4, 12</column>
<column name="ap_NS_fsm">10, 11, 1, 11</column>
<column name="b_address0">16, 9, 4, 36</column>
<column name="b_address1">16, 9, 4, 36</column>
<column name="i_phi_fu_296_p4">3, 2, 3, 6</column>
<column name="i_reg_292">3, 2, 3, 6</column>
<column name="res_address0">8, 5, 4, 20</column>
<column name="res_d0">32, 5, 16, 80</column>
</table>
</item>
<item name = "Register"><table name="" hasTotal="1">
<keys size="5">Name, FF, LUT, Bits, Const Bits</keys>
<column name="ap_CS_fsm">10, 0, 10, 0</column>
<column name="ap_enable_reg_pp0_iter0">1, 0, 1, 0</column>
<column name="ap_enable_reg_pp0_iter1">1, 0, 1, 0</column>
<column name="ap_pipeline_reg_pp0_iter1_exitcond2_reg_667">1, 0, 1, 0</column>
<column name="ap_pipeline_reg_pp0_iter1_tmp_s_reg_712">3, 0, 32, 29</column>
<column name="exitcond2_reg_667">1, 0, 1, 0</column>
<column name="i_1_reg_671">3, 0, 3, 0</column>
<column name="i_reg_292">3, 0, 3, 0</column>
<column name="tmp1_reg_722">8, 0, 16, 8</column>
<column name="tmp2_reg_770">16, 0, 16, 0</column>
<column name="tmp4_reg_800">16, 0, 16, 0</column>
<column name="tmp6_reg_830">16, 0, 16, 0</column>
<column name="tmp8_reg_860">16, 0, 16, 0</column>
<column name="tmp_0_1_reg_734">8, 0, 16, 8</column>
<column name="tmp_0_2_reg_746">8, 0, 16, 8</column>
<column name="tmp_0_3_reg_758">8, 0, 16, 8</column>
<column name="tmp_2_0_1_reg_741">16, 0, 16, 0</column>
<column name="tmp_2_0_2_reg_753">16, 0, 16, 0</column>
<column name="tmp_2_0_3_reg_765">16, 0, 16, 0</column>
<column name="tmp_2_1_1_reg_785">16, 0, 16, 0</column>
<column name="tmp_2_1_2_reg_790">16, 0, 16, 0</column>
<column name="tmp_2_1_3_reg_795">16, 0, 16, 0</column>
<column name="tmp_2_1_reg_780">16, 0, 16, 0</column>
<column name="tmp_2_2_1_reg_815">16, 0, 16, 0</column>
<column name="tmp_2_2_2_reg_820">16, 0, 16, 0</column>
<column name="tmp_2_2_3_reg_825">16, 0, 16, 0</column>
<column name="tmp_2_2_reg_810">16, 0, 16, 0</column>
<column name="tmp_2_3_1_reg_845">16, 0, 16, 0</column>
<column name="tmp_2_3_2_reg_850">16, 0, 16, 0</column>
<column name="tmp_2_3_3_reg_855">16, 0, 16, 0</column>
<column name="tmp_2_3_reg_840">16, 0, 16, 0</column>
<column name="tmp_2_reg_729">16, 0, 16, 0</column>
<column name="tmp_3_0_3_reg_775">16, 0, 16, 0</column>
<column name="tmp_3_1_3_reg_805">16, 0, 16, 0</column>
<column name="tmp_3_2_3_reg_835">16, 0, 16, 0</column>
<column name="tmp_3_3_3_reg_865">16, 0, 16, 0</column>
<column name="tmp_3_reg_676">3, 0, 5, 2</column>
<column name="tmp_4_reg_682">3, 0, 32, 29</column>
<column name="tmp_6_reg_692">3, 0, 32, 29</column>
<column name="tmp_8_reg_702">3, 0, 32, 29</column>
<column name="tmp_s_reg_712">3, 0, 32, 29</column>
</table>
</item>
</section>
</item>
</section>

<section name = "Interface" level="0">
<item name = "Summary"><table name="" hasTotal="0">
<keys size="6">RTL Ports, Dir, Bits, Protocol, Source Object, C Type</keys>
<column name="ap_clk">in, 1, ap_ctrl_hs, matrixmul, return value</column>
<column name="ap_rst">in, 1, ap_ctrl_hs, matrixmul, return value</column>
<column name="ap_start">in, 1, ap_ctrl_hs, matrixmul, return value</column>
<column name="ap_done">out, 1, ap_ctrl_hs, matrixmul, return value</column>
<column name="ap_idle">out, 1, ap_ctrl_hs, matrixmul, return value</column>
<column name="ap_ready">out, 1, ap_ctrl_hs, matrixmul, return value</column>
<column name="a_address0">out, 4, ap_memory, a, array</column>
<column name="a_ce0">out, 1, ap_memory, a, array</column>
<column name="a_q0">in, 8, ap_memory, a, array</column>
<column name="a_address1">out, 4, ap_memory, a, array</column>
<column name="a_ce1">out, 1, ap_memory, a, array</column>
<column name="a_q1">in, 8, ap_memory, a, array</column>
<column name="b_address0">out, 4, ap_memory, b, array</column>
<column name="b_ce0">out, 1, ap_memory, b, array</column>
<column name="b_q0">in, 8, ap_memory, b, array</column>
<column name="b_address1">out, 4, ap_memory, b, array</column>
<column name="b_ce1">out, 1, ap_memory, b, array</column>
<column name="b_q1">in, 8, ap_memory, b, array</column>
<column name="res_address0">out, 4, ap_memory, res, array</column>
<column name="res_ce0">out, 1, ap_memory, res, array</column>
<column name="res_we0">out, 1, ap_memory, res, array</column>
<column name="res_d0">out, 16, ap_memory, res, array</column>
</table>
</item>
</section>

<section name = "Critical Path" level="0">
<item name = "Max Delay">7.48</item>
<item name = "Critical Path Table"><table name="Critical Path Table" hasTotal="0">
<keys size="15">Name, Operator, Delay, Accumulated Delay, Store Source, Resource, Core, Interface, Type, Port, Array, Scope, Pointer, Callee, Phi Node</keys>
<column name="'tmp3', matrixmul.cpp:60">add, 3.74, 3.74, -, -, -, -, -, -, -, -, -, -, -</column>
<column name="'tmp_3_0_3', matrixmul.cpp:60">add, 3.74, 7.48, -, -, -, -, -, -, -, -, -, -, -</column>
</table>
</item>
</section>
</profile>
