<?xml version="1.0" encoding="UTF-8"?>
<vivadoHLSLog:LogRoot xmlns:vivadoHLSLog="www.xilinx.com/vivadoHLSLog">
  <errorLogs>
    <logs>
      <synLog/>
      <simLog/>
      <mgLog/>
      <packageLog/>
      <csimLog/>
    </logs>
  </errorLogs>
  <warningLogs>
    <logs>
      <synLog>
        <logs message="WARNING: [SCHED 204-69] Unable to schedule 'load' operation ('a_load_2', matrixmul.cpp:60) on array 'a' due to limited memory ports." projectName="Matrizes" solutionName="Pipeline" date="2016-11-15T18:02:37.494-0200" type="Warning"/>
        <logs message="WARNING: [HLS 200-51] Part 'xc3s500efg320-4' is only supported by ISE. Option '-tool vivado' is ignored." projectName="Matrizes" solutionName="Pipeline" date="2016-11-15T18:02:30.512-0200" type="Warning"/>
        <logs message="WARNING: [HLS 200-40] This current release of Vivado HLS is the last one supporting the following device families including any of their associated derivatives: Virtex-6, Virtex-5, Virtex-4, Spartan-6 and Spartan-3. These families will still be supported in the future but will require this current version of Vivado HLS or a previous one." projectName="Matrizes" solutionName="Pipeline" date="2016-11-15T18:02:30.407-0200" type="Warning"/>
        <logs message="WARNING: [HLS 200-40] This current release of Vivado HLS is the last one supporting the following device families including any of their associated derivatives: Virtex-6, Virtex-5, Virtex-4, Spartan-6 and Spartan-3. These families will still be supported in the future but will require this current version of Vivado HLS or a previous one." projectName="Matrizes" solutionName="Pipeline" date="2016-11-15T18:02:30.394-0200" type="Warning"/>
      </synLog>
      <simLog/>
      <mgLog/>
      <packageLog/>
      <csimLog/>
    </logs>
  </warningLogs>
</vivadoHLSLog:LogRoot>
