<profile>

<section name = "Vivado HLS Report for 'matrixmul'" level="0">
<item name = "Date">Sat Nov 19 14:10:00 2016
</item>
<item name = "Version">2016.3 (Build 1682563 on Mon Oct 10 19:41:59 MDT 2016)</item>
<item name = "Project">Matrizes</item>
<item name = "Solution">multicycle</item>
<item name = "Product family">spartan3e</item>
<item name = "Target device">xc3s500efg320-4</item>
</section>

<section name = "Performance Estimates" level="0">
<item name = "Timing (ns)">
<section name = "" level="1">
<item name = "Summary"><table name="" hasTotal="0">
<keys size="4">Clock, Target, Estimated, Uncertainty</keys>
<column name="ap_clk">10.00, 7.47, 1.25</column>
</table>
</item>
</section>
</item>
<item name = "Latency (clock cycles)">
<section name = "" level="1">
<item name = "Summary"><table name="" hasTotal="0">
<keys size="6">, min, max, min, max, Type</keys>
<column name="">233, 233, 234, 234, none</column>
</table>
</item>
<item name = "Detail">
<section name = "" level="1">
<item name = "Instance"><table name="" hasTotal="0">
<keys size="7">Instance, Module, min, max, min, max, Type</keys>
</table>
</item>
<item name = "Loop"><table name="" hasTotal="0">
<keys size="8">Loop Name, min, max, Latency, achieved, target, Count, Pipelined</keys>
<column name="- Row">232, 232, 58, -, -, 4, no</column>
<column name=" + Col">56, 56, 14, -, -, 4, no</column>
<column name="  ++ Product">12, 12, 3, -, -, 4, no</column>
</table>
</item>
</section>
</item>
</section>
</item>
</section>

<section name = "Utilization Estimates" level="0">
<item name = "Summary"><table name="" hasTotal="1">
<keys size="5">Name, BRAM_18K, FF, LUT, MULT18x18</keys>
<column name="DSP">-, -, -, -</column>
<column name="Expression">-, 0, 52, 1</column>
<column name="FIFO">-, -, -, -</column>
<column name="Instance">-, -, -, -</column>
<column name="Memory">-, -, -, -</column>
<column name="Multiplexer">-, -, 30, -</column>
<column name="Register">-, 66, -, -</column>
<specialColumn name="Available">20, 9312, 9312, 20</specialColumn>
<specialColumn name="Utilization (%)">0, ~0, ~0, 5</specialColumn>
</table>
</item>
<item name = "Detail">
<section name = "" level="1">
<item name = "Instance"><table name="" hasTotal="1">
<keys size="6">Instance, Module, BRAM_18K, DSP48E, FF, LUT</keys>
</table>
</item>
<item name = "DSP48"><table name="" hasTotal="0">
<keys size="3">Instance, Module, Expression</keys>
</table>
</item>
<item name = "Memory"><table name="" hasTotal="1">
<keys size="9">Memory, Module, BRAM_18K, FF, LUT, Words, Bits, Banks, W*Bits*Banks</keys>
</table>
</item>
<item name = "FIFO"><table name="" hasTotal="1">
<keys size="7">Name, BRAM_18K, FF, LUT, Depth, Bits, Size:D*B</keys>
</table>
</item>
<item name = "Expression"><table name="" hasTotal="1">
<keys size="7">Variable Name, Operation, DSP48E, FF, LUT, Bitwidth P0, Bitwidth P1</keys>
<column name="tmp_2_fu_239_p2">*, 0, 0, 0, 8, 8</column>
<column name="i_1_fu_151_p2">+, 0, 0, 3, 3, 1</column>
<column name="j_1_fu_177_p2">+, 0, 0, 3, 3, 1</column>
<column name="k_1_fu_225_p2">+, 0, 0, 3, 3, 1</column>
<column name="tmp_3_fu_245_p2">+, 0, 0, 16, 16, 16</column>
<column name="tmp_7_fu_209_p2">+, 0, 0, 6, 6, 6</column>
<column name="tmp_8_fu_161_p2">+, 0, 0, 6, 6, 6</column>
<column name="tmp_9_fu_187_p2">+, 0, 0, 6, 6, 6</column>
<column name="exitcond1_fu_171_p2">icmp, 0, 0, 3, 3, 4</column>
<column name="exitcond2_fu_145_p2">icmp, 0, 0, 3, 3, 4</column>
<column name="exitcond_fu_219_p2">icmp, 0, 0, 3, 3, 4</column>
</table>
</item>
<item name = "Multiplexer"><table name="" hasTotal="1">
<keys size="5">Name, LUT, Input Size, Bits, Total Bits</keys>
<column name="ap_NS_fsm">3, 7, 1, 7</column>
<column name="i_reg_87">3, 2, 3, 6</column>
<column name="j_reg_98">3, 2, 3, 6</column>
<column name="k_reg_122">3, 2, 3, 6</column>
<column name="res_WEN_A">2, 2, 2, 4</column>
<column name="res_load_reg_109">16, 2, 16, 32</column>
</table>
</item>
<item name = "Register"><table name="" hasTotal="1">
<keys size="5">Name, FF, LUT, Bits, Const Bits</keys>
<column name="ap_CS_fsm">6, 0, 6, 0</column>
<column name="i_1_reg_259">3, 0, 3, 0</column>
<column name="i_reg_87">3, 0, 3, 0</column>
<column name="j_1_reg_277">3, 0, 3, 0</column>
<column name="j_cast2_cast_reg_264">3, 0, 6, 3</column>
<column name="j_reg_98">3, 0, 3, 0</column>
<column name="k_1_reg_295">3, 0, 3, 0</column>
<column name="k_reg_122">3, 0, 3, 0</column>
<column name="res_addr_reg_269">4, 0, 4, 0</column>
<column name="res_load_reg_109">16, 0, 16, 0</column>
<column name="tmp_2_reg_300">16, 0, 16, 0</column>
<column name="tmp_7_cast_reg_250">3, 0, 6, 3</column>
</table>
</item>
</section>
</item>
</section>

<section name = "Interface" level="0">
<item name = "Summary"><table name="" hasTotal="0">
<keys size="6">RTL Ports, Dir, Bits, Protocol, Source Object, C Type</keys>
<column name="ap_clk">in, 1, ap_ctrl_hs, matrixmul, return value</column>
<column name="ap_rst">in, 1, ap_ctrl_hs, matrixmul, return value</column>
<column name="ap_start">in, 1, ap_ctrl_hs, matrixmul, return value</column>
<column name="ap_done">out, 1, ap_ctrl_hs, matrixmul, return value</column>
<column name="ap_idle">out, 1, ap_ctrl_hs, matrixmul, return value</column>
<column name="ap_ready">out, 1, ap_ctrl_hs, matrixmul, return value</column>
<column name="a_Addr_A">out, 32, bram, a, array</column>
<column name="a_EN_A">out, 1, bram, a, array</column>
<column name="a_WEN_A">out, 1, bram, a, array</column>
<column name="a_Din_A">out, 8, bram, a, array</column>
<column name="a_Dout_A">in, 8, bram, a, array</column>
<column name="a_Clk_A">out, 1, bram, a, array</column>
<column name="a_Rst_A">out, 1, bram, a, array</column>
<column name="b_Addr_A">out, 32, bram, b, array</column>
<column name="b_EN_A">out, 1, bram, b, array</column>
<column name="b_WEN_A">out, 1, bram, b, array</column>
<column name="b_Din_A">out, 8, bram, b, array</column>
<column name="b_Dout_A">in, 8, bram, b, array</column>
<column name="b_Clk_A">out, 1, bram, b, array</column>
<column name="b_Rst_A">out, 1, bram, b, array</column>
<column name="res_Addr_A">out, 32, bram, res, array</column>
<column name="res_EN_A">out, 1, bram, res, array</column>
<column name="res_WEN_A">out, 2, bram, res, array</column>
<column name="res_Din_A">out, 16, bram, res, array</column>
<column name="res_Dout_A">in, 16, bram, res, array</column>
<column name="res_Clk_A">out, 1, bram, res, array</column>
<column name="res_Rst_A">out, 1, bram, res, array</column>
</table>
</item>
</section>
</profile>
