<stg><name>matrixmul</name>


<trans_list>

<trans id="68" from="1" to="2">
<condition id="19">
<or_exp><and_exp></and_exp></or_exp>
</condition>
</trans>

<trans id="69" from="2" to="3">
<condition id="21">
<or_exp><and_exp><literal name="exitcond2" val="0"/>
</and_exp></or_exp>
</condition>
</trans>

<trans id="70" from="3" to="4">
<condition id="23">
<or_exp><and_exp><literal name="exitcond1" val="0"/>
</and_exp></or_exp>
</condition>
</trans>

<trans id="76" from="3" to="2">
<condition id="32">
<or_exp><and_exp><literal name="exitcond1" val="1"/>
</and_exp></or_exp>
</condition>
</trans>

<trans id="71" from="4" to="5">
<condition id="24">
<or_exp><and_exp><literal name="exitcond" val="0"/>
</and_exp></or_exp>
</condition>
</trans>

<trans id="75" from="4" to="3">
<condition id="30">
<or_exp><and_exp><literal name="exitcond" val="1"/>
</and_exp></or_exp>
</condition>
</trans>

<trans id="73" from="5" to="6">
<condition id="26">
<or_exp><and_exp></and_exp></or_exp>
</condition>
</trans>

<trans id="74" from="6" to="4">
<condition id="28">
<or_exp><and_exp></and_exp></or_exp>
</condition>
</trans>
</trans_list>



<state_list>

<state id="1" st_id="1">

<operation id="7" st_id="1" stage="1" lat="1">
<core>NULL</core>
<MemPortIdVec></MemPortIdVec>
<condition id="0">
<or_exp><and_exp></and_exp></or_exp>
</condition>

<Node id="4" bw="0" op_0_bw="0" op_1_bw="8">
<![CDATA[
:0  call void (...)* @_ssdm_op_SpecBitsMap([16 x i8]* %a) nounwind, !map !7

]]></Node>
<StgValue><ssdm name=""/></StgValue>
</operation>

<operation id="8" st_id="1" stage="1" lat="1">
<core>NULL</core>
<MemPortIdVec></MemPortIdVec>
<condition id="0">
<or_exp><and_exp></and_exp></or_exp>
</condition>

<Node id="5" bw="0" op_0_bw="0" op_1_bw="8">
<![CDATA[
:1  call void (...)* @_ssdm_op_SpecBitsMap([16 x i8]* %b) nounwind, !map !13

]]></Node>
<StgValue><ssdm name=""/></StgValue>
</operation>

<operation id="9" st_id="1" stage="1" lat="1">
<core>NULL</core>
<MemPortIdVec></MemPortIdVec>
<condition id="0">
<or_exp><and_exp></and_exp></or_exp>
</condition>

<Node id="6" bw="0" op_0_bw="0" op_1_bw="16">
<![CDATA[
:2  call void (...)* @_ssdm_op_SpecBitsMap([16 x i16]* %res) nounwind, !map !17

]]></Node>
<StgValue><ssdm name=""/></StgValue>
</operation>

<operation id="10" st_id="1" stage="1" lat="1">
<core>NULL</core>
<MemPortIdVec></MemPortIdVec>
<condition id="0">
<or_exp><and_exp></and_exp></or_exp>
</condition>

<Node id="7" bw="0" op_0_bw="0" op_1_bw="0">
<![CDATA[
:3  call void (...)* @_ssdm_op_SpecTopModule([10 x i8]* @matrixmul_str) nounwind

]]></Node>
<StgValue><ssdm name=""/></StgValue>
</operation>

<operation id="11" st_id="1" stage="1" lat="1">
<core>NULL</core>
<MemPortIdVec></MemPortIdVec>
<condition id="0">
<or_exp><and_exp></and_exp></or_exp>
</condition>

<Node id="8" bw="0" op_0_bw="0" op_1_bw="16" op_2_bw="0" op_3_bw="32" op_4_bw="32" op_5_bw="0" op_6_bw="32" op_7_bw="32" op_8_bw="0" op_9_bw="0" op_10_bw="0" op_11_bw="32" op_12_bw="32" op_13_bw="32" op_14_bw="32" op_15_bw="0" op_16_bw="0">
<![CDATA[
:4  call void (...)* @_ssdm_op_SpecInterface([16 x i16]* %res, [5 x i8]* @p_str, i32 0, i32 0, [1 x i8]* @p_str1, i32 0, i32 17, [1 x i8]* @p_str1, [1 x i8]* @p_str1, [1 x i8]* @p_str1, i32 0, i32 0, i32 0, i32 0, [1 x i8]* @p_str1, [1 x i8]* @p_str1)

]]></Node>
<StgValue><ssdm name=""/></StgValue>
</operation>

<operation id="12" st_id="1" stage="1" lat="1">
<core>NULL</core>
<MemPortIdVec></MemPortIdVec>
<condition id="0">
<or_exp><and_exp></and_exp></or_exp>
</condition>

<Node id="9" bw="0" op_0_bw="0" op_1_bw="8" op_2_bw="0" op_3_bw="32" op_4_bw="32" op_5_bw="0" op_6_bw="32" op_7_bw="32" op_8_bw="0" op_9_bw="0" op_10_bw="0" op_11_bw="32" op_12_bw="32" op_13_bw="32" op_14_bw="32" op_15_bw="0" op_16_bw="0">
<![CDATA[
:5  call void (...)* @_ssdm_op_SpecInterface([16 x i8]* %a, [5 x i8]* @p_str, i32 0, i32 0, [1 x i8]* @p_str1, i32 0, i32 33, [1 x i8]* @p_str1, [1 x i8]* @p_str1, [1 x i8]* @p_str1, i32 0, i32 0, i32 0, i32 0, [1 x i8]* @p_str1, [1 x i8]* @p_str1)

]]></Node>
<StgValue><ssdm name=""/></StgValue>
</operation>

<operation id="13" st_id="1" stage="1" lat="1">
<core>NULL</core>
<MemPortIdVec></MemPortIdVec>
<condition id="0">
<or_exp><and_exp></and_exp></or_exp>
</condition>

<Node id="10" bw="0" op_0_bw="0" op_1_bw="8" op_2_bw="0" op_3_bw="32" op_4_bw="32" op_5_bw="0" op_6_bw="32" op_7_bw="32" op_8_bw="0" op_9_bw="0" op_10_bw="0" op_11_bw="32" op_12_bw="32" op_13_bw="32" op_14_bw="32" op_15_bw="0" op_16_bw="0">
<![CDATA[
:6  call void (...)* @_ssdm_op_SpecInterface([16 x i8]* %b, [5 x i8]* @p_str, i32 0, i32 0, [1 x i8]* @p_str1, i32 0, i32 33, [1 x i8]* @p_str1, [1 x i8]* @p_str1, [1 x i8]* @p_str1, i32 0, i32 0, i32 0, i32 0, [1 x i8]* @p_str1, [1 x i8]* @p_str1)

]]></Node>
<StgValue><ssdm name=""/></StgValue>
</operation>

<operation id="14" st_id="1" stage="1" lat="1">
<core>NULL</core>
<MemPortIdVec></MemPortIdVec>
<condition id="0">
<or_exp><and_exp></and_exp></or_exp>
</condition>

<Node id="11" bw="0" op_0_bw="0">
<![CDATA[
:7  br label %1

]]></Node>
<StgValue><ssdm name=""/></StgValue>
</operation>
</state>

<state id="2" st_id="2">

<operation id="15" st_id="2" stage="1" lat="1">
<core>NULL</core>
<MemPortIdVec></MemPortIdVec>
<condition id="1">
<or_exp><and_exp></and_exp></or_exp>
</condition>

<Node id="13" bw="3" op_0_bw="3" op_1_bw="0">
<![CDATA[
:0  %i = phi i3 [ 0, %0 ], [ %i_1, %8 ]

]]></Node>
<StgValue><ssdm name="i"/></StgValue>
</operation>

<operation id="16" st_id="2" stage="1" lat="1">
<core>NULL</core>
<MemPortIdVec></MemPortIdVec>
<condition id="1">
<or_exp><and_exp></and_exp></or_exp>
</condition>

<Node id="14" bw="5" op_0_bw="5" op_1_bw="3" op_2_bw="2">
<![CDATA[
:1  %tmp_6 = call i5 @_ssdm_op_BitConcatenate.i5.i3.i2(i3 %i, i2 0)

]]></Node>
<StgValue><ssdm name="tmp_6"/></StgValue>
</operation>

<operation id="17" st_id="2" stage="1" lat="1">
<core>NULL</core>
<MemPortIdVec></MemPortIdVec>
<condition id="1">
<or_exp><and_exp></and_exp></or_exp>
</condition>

<Node id="15" bw="6" op_0_bw="5">
<![CDATA[
:2  %tmp_7_cast = zext i5 %tmp_6 to i6

]]></Node>
<StgValue><ssdm name="tmp_7_cast"/></StgValue>
</operation>

<operation id="18" st_id="2" stage="1" lat="1">
<core>Cmp</core>
<MemPortIdVec></MemPortIdVec>
<condition id="1">
<or_exp><and_exp></and_exp></or_exp>
</condition>

<Node id="16" bw="1" op_0_bw="3" op_1_bw="3">
<![CDATA[
:3  %exitcond2 = icmp eq i3 %i, -4

]]></Node>
<StgValue><ssdm name="exitcond2"/></StgValue>
</operation>

<operation id="19" st_id="2" stage="1" lat="1">
<core>NULL</core>
<MemPortIdVec></MemPortIdVec>
<condition id="1">
<or_exp><and_exp></and_exp></or_exp>
</condition>

<Node id="17" bw="32" op_0_bw="32" op_1_bw="64" op_2_bw="64" op_3_bw="64">
<![CDATA[
:4  %empty = call i32 (...)* @_ssdm_op_SpecLoopTripCount(i64 4, i64 4, i64 4) nounwind

]]></Node>
<StgValue><ssdm name="empty"/></StgValue>
</operation>

<operation id="20" st_id="2" stage="1" lat="1">
<core>AddSub</core>
<MemPortIdVec></MemPortIdVec>
<condition id="1">
<or_exp><and_exp></and_exp></or_exp>
</condition>

<Node id="18" bw="3" op_0_bw="3" op_1_bw="3">
<![CDATA[
:5  %i_1 = add i3 %i, 1

]]></Node>
<StgValue><ssdm name="i_1"/></StgValue>
</operation>

<operation id="21" st_id="2" stage="1" lat="1">
<core>NULL</core>
<MemPortIdVec></MemPortIdVec>
<condition id="1">
<or_exp><and_exp></and_exp></or_exp>
</condition>

<Node id="19" bw="0" op_0_bw="1" op_1_bw="0" op_2_bw="0">
<![CDATA[
:6  br i1 %exitcond2, label %9, label %2

]]></Node>
<StgValue><ssdm name=""/></StgValue>
</operation>

<operation id="22" st_id="2" stage="1" lat="1">
<core>NULL</core>
<MemPortIdVec></MemPortIdVec>
<condition id="3">
<or_exp><and_exp><literal name="exitcond2" val="0"/>
</and_exp></or_exp>
</condition>

<Node id="21" bw="0" op_0_bw="0" op_1_bw="0">
<![CDATA[
:0  call void (...)* @_ssdm_op_SpecLoopName([4 x i8]* @p_str2) nounwind

]]></Node>
<StgValue><ssdm name=""/></StgValue>
</operation>

<operation id="23" st_id="2" stage="1" lat="1">
<core>NULL</core>
<MemPortIdVec></MemPortIdVec>
<condition id="3">
<or_exp><and_exp><literal name="exitcond2" val="0"/>
</and_exp></or_exp>
</condition>

<Node id="22" bw="32" op_0_bw="32" op_1_bw="0">
<![CDATA[
:1  %tmp_4 = call i32 (...)* @_ssdm_op_SpecRegionBegin([4 x i8]* @p_str2) nounwind

]]></Node>
<StgValue><ssdm name="tmp_4"/></StgValue>
</operation>

<operation id="24" st_id="2" stage="1" lat="1">
<core>NULL</core>
<MemPortIdVec></MemPortIdVec>
<condition id="3">
<or_exp><and_exp><literal name="exitcond2" val="0"/>
</and_exp></or_exp>
</condition>

<Node id="23" bw="0" op_0_bw="0">
<![CDATA[
:2  br label %3

]]></Node>
<StgValue><ssdm name=""/></StgValue>
</operation>

<operation id="25" st_id="2" stage="1" lat="1">
<core>NULL</core>
<MemPortIdVec></MemPortIdVec>
<condition id="5">
<or_exp><and_exp><literal name="exitcond2" val="1"/>
</and_exp></or_exp>
</condition>

<Node id="71" bw="0">
<![CDATA[
:0  ret void

]]></Node>
<StgValue><ssdm name=""/></StgValue>
</operation>
</state>

<state id="3" st_id="3">

<operation id="26" st_id="3" stage="1" lat="1">
<core>NULL</core>
<MemPortIdVec></MemPortIdVec>
<condition id="6">
<or_exp><and_exp></and_exp></or_exp>
</condition>

<Node id="25" bw="3" op_0_bw="3" op_1_bw="0">
<![CDATA[
:0  %j = phi i3 [ 0, %2 ], [ %j_1, %7 ]

]]></Node>
<StgValue><ssdm name="j"/></StgValue>
</operation>

<operation id="27" st_id="3" stage="1" lat="1">
<core>NULL</core>
<MemPortIdVec></MemPortIdVec>
<condition id="6">
<or_exp><and_exp></and_exp></or_exp>
</condition>

<Node id="26" bw="6" op_0_bw="3">
<![CDATA[
:1  %j_cast2_cast = zext i3 %j to i6

]]></Node>
<StgValue><ssdm name="j_cast2_cast"/></StgValue>
</operation>

<operation id="28" st_id="3" stage="1" lat="1">
<core>AddSub</core>
<MemPortIdVec></MemPortIdVec>
<condition id="6">
<or_exp><and_exp></and_exp></or_exp>
</condition>

<Node id="27" bw="6" op_0_bw="6" op_1_bw="6">
<![CDATA[
:2  %tmp_8 = add i6 %tmp_7_cast, %j_cast2_cast

]]></Node>
<StgValue><ssdm name="tmp_8"/></StgValue>
</operation>

<operation id="29" st_id="3" stage="1" lat="1">
<core>NULL</core>
<MemPortIdVec></MemPortIdVec>
<condition id="6">
<or_exp><and_exp></and_exp></or_exp>
</condition>

<Node id="28" bw="32" op_0_bw="6">
<![CDATA[
:3  %tmp_8_cast = zext i6 %tmp_8 to i32

]]></Node>
<StgValue><ssdm name="tmp_8_cast"/></StgValue>
</operation>

<operation id="30" st_id="3" stage="1" lat="1">
<core>NULL</core>
<MemPortIdVec></MemPortIdVec>
<condition id="6">
<or_exp><and_exp></and_exp></or_exp>
</condition>

<Node id="29" bw="4" op_0_bw="16" op_1_bw="32" op_2_bw="32">
<![CDATA[
:4  %res_addr = getelementptr [16 x i16]* %res, i32 0, i32 %tmp_8_cast

]]></Node>
<StgValue><ssdm name="res_addr"/></StgValue>
</operation>

<operation id="31" st_id="3" stage="1" lat="1">
<core>Cmp</core>
<MemPortIdVec></MemPortIdVec>
<condition id="6">
<or_exp><and_exp></and_exp></or_exp>
</condition>

<Node id="30" bw="1" op_0_bw="3" op_1_bw="3">
<![CDATA[
:5  %exitcond1 = icmp eq i3 %j, -4

]]></Node>
<StgValue><ssdm name="exitcond1"/></StgValue>
</operation>

<operation id="32" st_id="3" stage="1" lat="1">
<core>NULL</core>
<MemPortIdVec></MemPortIdVec>
<condition id="6">
<or_exp><and_exp></and_exp></or_exp>
</condition>

<Node id="31" bw="32" op_0_bw="32" op_1_bw="64" op_2_bw="64" op_3_bw="64">
<![CDATA[
:6  %empty_2 = call i32 (...)* @_ssdm_op_SpecLoopTripCount(i64 4, i64 4, i64 4) nounwind

]]></Node>
<StgValue><ssdm name="empty_2"/></StgValue>
</operation>

<operation id="33" st_id="3" stage="1" lat="1">
<core>AddSub</core>
<MemPortIdVec></MemPortIdVec>
<condition id="6">
<or_exp><and_exp></and_exp></or_exp>
</condition>

<Node id="32" bw="3" op_0_bw="3" op_1_bw="3">
<![CDATA[
:7  %j_1 = add i3 %j, 1

]]></Node>
<StgValue><ssdm name="j_1"/></StgValue>
</operation>

<operation id="34" st_id="3" stage="1" lat="1">
<core>NULL</core>
<MemPortIdVec></MemPortIdVec>
<condition id="6">
<or_exp><and_exp></and_exp></or_exp>
</condition>

<Node id="33" bw="0" op_0_bw="1" op_1_bw="0" op_2_bw="0">
<![CDATA[
:8  br i1 %exitcond1, label %8, label %4

]]></Node>
<StgValue><ssdm name=""/></StgValue>
</operation>

<operation id="35" st_id="3" stage="1" lat="1">
<core>NULL</core>
<MemPortIdVec></MemPortIdVec>
<condition id="8">
<or_exp><and_exp><literal name="exitcond1" val="0"/>
</and_exp></or_exp>
</condition>

<Node id="35" bw="0" op_0_bw="0" op_1_bw="0">
<![CDATA[
:0  call void (...)* @_ssdm_op_SpecLoopName([4 x i8]* @p_str3) nounwind

]]></Node>
<StgValue><ssdm name=""/></StgValue>
</operation>

<operation id="36" st_id="3" stage="1" lat="1">
<core>NULL</core>
<MemPortIdVec></MemPortIdVec>
<condition id="8">
<or_exp><and_exp><literal name="exitcond1" val="0"/>
</and_exp></or_exp>
</condition>

<Node id="36" bw="32" op_0_bw="32" op_1_bw="0">
<![CDATA[
:1  %tmp_5 = call i32 (...)* @_ssdm_op_SpecRegionBegin([4 x i8]* @p_str3) nounwind

]]></Node>
<StgValue><ssdm name="tmp_5"/></StgValue>
</operation>

<operation id="37" st_id="3" stage="1" lat="1">
<core>NULL</core>
<MemPortIdVec></MemPortIdVec>
<condition id="8">
<or_exp><and_exp><literal name="exitcond1" val="0"/>
</and_exp></or_exp>
</condition>

<Node id="37" bw="0" op_0_bw="0">
<![CDATA[
:2  br label %5

]]></Node>
<StgValue><ssdm name=""/></StgValue>
</operation>

<operation id="38" st_id="3" stage="1" lat="1">
<core>NULL</core>
<MemPortIdVec></MemPortIdVec>
<condition id="10">
<or_exp><and_exp><literal name="exitcond1" val="1"/>
</and_exp></or_exp>
</condition>

<Node id="68" bw="32" op_0_bw="32" op_1_bw="0" op_2_bw="32">
<![CDATA[
:0  %empty_5 = call i32 (...)* @_ssdm_op_SpecRegionEnd([4 x i8]* @p_str2, i32 %tmp_4) nounwind

]]></Node>
<StgValue><ssdm name="empty_5"/></StgValue>
</operation>

<operation id="39" st_id="3" stage="1" lat="1">
<core>NULL</core>
<MemPortIdVec></MemPortIdVec>
<condition id="10">
<or_exp><and_exp><literal name="exitcond1" val="1"/>
</and_exp></or_exp>
</condition>

<Node id="69" bw="0" op_0_bw="0">
<![CDATA[
:1  br label %1

]]></Node>
<StgValue><ssdm name=""/></StgValue>
</operation>
</state>

<state id="4" st_id="4">

<operation id="40" st_id="4" stage="1" lat="1">
<core>NULL</core>
<MemPortIdVec></MemPortIdVec>
<condition id="11">
<or_exp><and_exp></and_exp></or_exp>
</condition>

<Node id="39" bw="16" op_0_bw="16" op_1_bw="0">
<![CDATA[
:0  %res_load = phi i16 [ 0, %4 ], [ %tmp_3, %6 ]

]]></Node>
<StgValue><ssdm name="res_load"/></StgValue>
</operation>

<operation id="41" st_id="4" stage="1" lat="1">
<core>NULL</core>
<MemPortIdVec></MemPortIdVec>
<condition id="11">
<or_exp><and_exp></and_exp></or_exp>
</condition>

<Node id="40" bw="3" op_0_bw="3" op_1_bw="0">
<![CDATA[
:1  %k = phi i3 [ 0, %4 ], [ %k_1, %6 ]

]]></Node>
<StgValue><ssdm name="k"/></StgValue>
</operation>

<operation id="42" st_id="4" stage="1" lat="1">
<core>RAM</core>
<MemPortIdVec>0 </MemPortIdVec>
<condition id="11">
<or_exp><and_exp></and_exp></or_exp>
</condition>

<Node id="41" bw="0" op_0_bw="16" op_1_bw="4">
<![CDATA[
:2  store i16 %res_load, i16* %res_addr, align 2

]]></Node>
<StgValue><ssdm name=""/></StgValue>
</operation>

<operation id="43" st_id="4" stage="1" lat="1">
<core>NULL</core>
<MemPortIdVec></MemPortIdVec>
<condition id="11">
<or_exp><and_exp></and_exp></or_exp>
</condition>

<Node id="42" bw="6" op_0_bw="3">
<![CDATA[
:3  %k_cast1_cast = zext i3 %k to i6

]]></Node>
<StgValue><ssdm name="k_cast1_cast"/></StgValue>
</operation>

<operation id="44" st_id="4" stage="1" lat="1">
<core>AddSub</core>
<MemPortIdVec></MemPortIdVec>
<condition id="11">
<or_exp><and_exp></and_exp></or_exp>
</condition>

<Node id="43" bw="6" op_0_bw="6" op_1_bw="6">
<![CDATA[
:4  %tmp_9 = add i6 %k_cast1_cast, %tmp_7_cast

]]></Node>
<StgValue><ssdm name="tmp_9"/></StgValue>
</operation>

<operation id="45" st_id="4" stage="1" lat="1">
<core>NULL</core>
<MemPortIdVec></MemPortIdVec>
<condition id="11">
<or_exp><and_exp></and_exp></or_exp>
</condition>

<Node id="44" bw="32" op_0_bw="6">
<![CDATA[
:5  %tmp_9_cast = zext i6 %tmp_9 to i32

]]></Node>
<StgValue><ssdm name="tmp_9_cast"/></StgValue>
</operation>

<operation id="46" st_id="4" stage="1" lat="1">
<core>NULL</core>
<MemPortIdVec></MemPortIdVec>
<condition id="11">
<or_exp><and_exp></and_exp></or_exp>
</condition>

<Node id="45" bw="4" op_0_bw="8" op_1_bw="32" op_2_bw="32">
<![CDATA[
:6  %a_addr = getelementptr [16 x i8]* %a, i32 0, i32 %tmp_9_cast

]]></Node>
<StgValue><ssdm name="a_addr"/></StgValue>
</operation>

<operation id="47" st_id="4" stage="1" lat="1">
<core>NULL</core>
<MemPortIdVec></MemPortIdVec>
<condition id="11">
<or_exp><and_exp></and_exp></or_exp>
</condition>

<Node id="46" bw="5" op_0_bw="5" op_1_bw="3" op_2_bw="2">
<![CDATA[
:7  %tmp_s = call i5 @_ssdm_op_BitConcatenate.i5.i3.i2(i3 %k, i2 0)

]]></Node>
<StgValue><ssdm name="tmp_s"/></StgValue>
</operation>

<operation id="48" st_id="4" stage="1" lat="1">
<core>NULL</core>
<MemPortIdVec></MemPortIdVec>
<condition id="11">
<or_exp><and_exp></and_exp></or_exp>
</condition>

<Node id="47" bw="6" op_0_bw="5">
<![CDATA[
:8  %tmp_11_cast = zext i5 %tmp_s to i6

]]></Node>
<StgValue><ssdm name="tmp_11_cast"/></StgValue>
</operation>

<operation id="49" st_id="4" stage="1" lat="1">
<core>AddSub</core>
<MemPortIdVec></MemPortIdVec>
<condition id="11">
<or_exp><and_exp></and_exp></or_exp>
</condition>

<Node id="48" bw="6" op_0_bw="6" op_1_bw="6">
<![CDATA[
:9  %tmp_7 = add i6 %j_cast2_cast, %tmp_11_cast

]]></Node>
<StgValue><ssdm name="tmp_7"/></StgValue>
</operation>

<operation id="50" st_id="4" stage="1" lat="1">
<core>NULL</core>
<MemPortIdVec></MemPortIdVec>
<condition id="11">
<or_exp><and_exp></and_exp></or_exp>
</condition>

<Node id="49" bw="32" op_0_bw="6">
<![CDATA[
:10  %tmp_12_cast = zext i6 %tmp_7 to i32

]]></Node>
<StgValue><ssdm name="tmp_12_cast"/></StgValue>
</operation>

<operation id="51" st_id="4" stage="1" lat="1">
<core>NULL</core>
<MemPortIdVec></MemPortIdVec>
<condition id="11">
<or_exp><and_exp></and_exp></or_exp>
</condition>

<Node id="50" bw="4" op_0_bw="8" op_1_bw="32" op_2_bw="32">
<![CDATA[
:11  %b_addr = getelementptr [16 x i8]* %b, i32 0, i32 %tmp_12_cast

]]></Node>
<StgValue><ssdm name="b_addr"/></StgValue>
</operation>

<operation id="52" st_id="4" stage="1" lat="1">
<core>Cmp</core>
<MemPortIdVec></MemPortIdVec>
<condition id="11">
<or_exp><and_exp></and_exp></or_exp>
</condition>

<Node id="51" bw="1" op_0_bw="3" op_1_bw="3">
<![CDATA[
:12  %exitcond = icmp eq i3 %k, -4

]]></Node>
<StgValue><ssdm name="exitcond"/></StgValue>
</operation>

<operation id="53" st_id="4" stage="1" lat="1">
<core>NULL</core>
<MemPortIdVec></MemPortIdVec>
<condition id="11">
<or_exp><and_exp></and_exp></or_exp>
</condition>

<Node id="52" bw="32" op_0_bw="32" op_1_bw="64" op_2_bw="64" op_3_bw="64">
<![CDATA[
:13  %empty_3 = call i32 (...)* @_ssdm_op_SpecLoopTripCount(i64 4, i64 4, i64 4) nounwind

]]></Node>
<StgValue><ssdm name="empty_3"/></StgValue>
</operation>

<operation id="54" st_id="4" stage="1" lat="1">
<core>AddSub</core>
<MemPortIdVec></MemPortIdVec>
<condition id="11">
<or_exp><and_exp></and_exp></or_exp>
</condition>

<Node id="53" bw="3" op_0_bw="3" op_1_bw="3">
<![CDATA[
:14  %k_1 = add i3 %k, 1

]]></Node>
<StgValue><ssdm name="k_1"/></StgValue>
</operation>

<operation id="55" st_id="4" stage="1" lat="1">
<core>NULL</core>
<MemPortIdVec></MemPortIdVec>
<condition id="11">
<or_exp><and_exp></and_exp></or_exp>
</condition>

<Node id="54" bw="0" op_0_bw="1" op_1_bw="0" op_2_bw="0">
<![CDATA[
:15  br i1 %exitcond, label %7, label %6

]]></Node>
<StgValue><ssdm name=""/></StgValue>
</operation>

<operation id="56" st_id="4" stage="2" lat="2">
<core>RAM</core>
<MemPortIdVec>0 </MemPortIdVec>
<condition id="13">
<or_exp><and_exp><literal name="exitcond" val="0"/>
</and_exp></or_exp>
</condition>

<Node id="57" bw="8" op_0_bw="4">
<![CDATA[
:1  %a_load = load i8* %a_addr, align 1

]]></Node>
<StgValue><ssdm name="a_load"/></StgValue>
</operation>

<operation id="57" st_id="4" stage="2" lat="2">
<core>RAM</core>
<MemPortIdVec>0 </MemPortIdVec>
<condition id="13">
<or_exp><and_exp><literal name="exitcond" val="0"/>
</and_exp></or_exp>
</condition>

<Node id="59" bw="8" op_0_bw="4">
<![CDATA[
:3  %b_load = load i8* %b_addr, align 1

]]></Node>
<StgValue><ssdm name="b_load"/></StgValue>
</operation>

<operation id="58" st_id="4" stage="1" lat="1">
<core>NULL</core>
<MemPortIdVec></MemPortIdVec>
<condition id="15">
<or_exp><and_exp><literal name="exitcond" val="1"/>
</and_exp></or_exp>
</condition>

<Node id="65" bw="32" op_0_bw="32" op_1_bw="0" op_2_bw="32">
<![CDATA[
:0  %empty_4 = call i32 (...)* @_ssdm_op_SpecRegionEnd([4 x i8]* @p_str3, i32 %tmp_5) nounwind

]]></Node>
<StgValue><ssdm name="empty_4"/></StgValue>
</operation>

<operation id="59" st_id="4" stage="1" lat="1">
<core>NULL</core>
<MemPortIdVec></MemPortIdVec>
<condition id="15">
<or_exp><and_exp><literal name="exitcond" val="1"/>
</and_exp></or_exp>
</condition>

<Node id="66" bw="0" op_0_bw="0">
<![CDATA[
:1  br label %3

]]></Node>
<StgValue><ssdm name=""/></StgValue>
</operation>
</state>

<state id="5" st_id="5">

<operation id="60" st_id="5" stage="1" lat="2">
<core>RAM</core>
<MemPortIdVec>0 </MemPortIdVec>
<condition id="16">
<or_exp><and_exp></and_exp></or_exp>
</condition>

<Node id="57" bw="8" op_0_bw="4">
<![CDATA[
:1  %a_load = load i8* %a_addr, align 1

]]></Node>
<StgValue><ssdm name="a_load"/></StgValue>
</operation>

<operation id="61" st_id="5" stage="1" lat="1">
<core>NULL</core>
<MemPortIdVec></MemPortIdVec>
<condition id="16">
<or_exp><and_exp></and_exp></or_exp>
</condition>

<Node id="58" bw="16" op_0_bw="8">
<![CDATA[
:2  %tmp = zext i8 %a_load to i16

]]></Node>
<StgValue><ssdm name="tmp"/></StgValue>
</operation>

<operation id="62" st_id="5" stage="1" lat="2">
<core>RAM</core>
<MemPortIdVec>0 </MemPortIdVec>
<condition id="16">
<or_exp><and_exp></and_exp></or_exp>
</condition>

<Node id="59" bw="8" op_0_bw="4">
<![CDATA[
:3  %b_load = load i8* %b_addr, align 1

]]></Node>
<StgValue><ssdm name="b_load"/></StgValue>
</operation>

<operation id="63" st_id="5" stage="1" lat="1">
<core>NULL</core>
<MemPortIdVec></MemPortIdVec>
<condition id="16">
<or_exp><and_exp></and_exp></or_exp>
</condition>

<Node id="60" bw="16" op_0_bw="8">
<![CDATA[
:4  %tmp_1 = zext i8 %b_load to i16

]]></Node>
<StgValue><ssdm name="tmp_1"/></StgValue>
</operation>

<operation id="64" st_id="5" stage="1" lat="1">
<core>Mul</core>
<MemPortIdVec></MemPortIdVec>
<condition id="16">
<or_exp><and_exp></and_exp></or_exp>
</condition>

<Node id="61" bw="16" op_0_bw="16" op_1_bw="16">
<![CDATA[
:5  %tmp_2 = mul i16 %tmp_1, %tmp

]]></Node>
<StgValue><ssdm name="tmp_2"/></StgValue>
</operation>
</state>

<state id="6" st_id="6">

<operation id="65" st_id="6" stage="1" lat="1">
<core>NULL</core>
<MemPortIdVec></MemPortIdVec>
<condition id="17">
<or_exp><and_exp></and_exp></or_exp>
</condition>

<Node id="56" bw="0" op_0_bw="0" op_1_bw="0">
<![CDATA[
:0  call void (...)* @_ssdm_op_SpecLoopName([8 x i8]* @p_str4) nounwind

]]></Node>
<StgValue><ssdm name=""/></StgValue>
</operation>

<operation id="66" st_id="6" stage="1" lat="1">
<core>AddSub</core>
<MemPortIdVec></MemPortIdVec>
<condition id="17">
<or_exp><and_exp></and_exp></or_exp>
</condition>

<Node id="62" bw="16" op_0_bw="16" op_1_bw="16">
<![CDATA[
:6  %tmp_3 = add i16 %res_load, %tmp_2

]]></Node>
<StgValue><ssdm name="tmp_3"/></StgValue>
</operation>

<operation id="67" st_id="6" stage="1" lat="1">
<core>NULL</core>
<MemPortIdVec></MemPortIdVec>
<condition id="17">
<or_exp><and_exp></and_exp></or_exp>
</condition>

<Node id="63" bw="0" op_0_bw="0">
<![CDATA[
:7  br label %5

]]></Node>
<StgValue><ssdm name=""/></StgValue>
</operation>
</state>
</state_list>


<ports>
<port id="77" name="a" dir="0" iftype="1">
<core>RAM</core><StgValue><ssdm name="a"/><MemPortTyVec>1 3 </MemPortTyVec>
</StgValue>
</port>
<port id="78" name="b" dir="0" iftype="1">
<core>RAM</core><StgValue><ssdm name="b"/><MemPortTyVec>1 3 </MemPortTyVec>
</StgValue>
</port>
<port id="79" name="res" dir="1" iftype="1">
<core>RAM</core><StgValue><ssdm name="res"/><MemPortTyVec>0 3 </MemPortTyVec>
</StgValue>
</port>
</ports>


<dataflows>
<dataflow id="81" from="_ssdm_op_SpecBitsMap" to="StgValue_7" fromId="80" toId="7">
</dataflow>
<dataflow id="82" from="a" to="StgValue_7" fromId="77" toId="7">
</dataflow>
<dataflow id="83" from="_ssdm_op_SpecBitsMap" to="StgValue_8" fromId="80" toId="8">
</dataflow>
<dataflow id="84" from="b" to="StgValue_8" fromId="78" toId="8">
</dataflow>
<dataflow id="85" from="_ssdm_op_SpecBitsMap" to="StgValue_9" fromId="80" toId="9">
</dataflow>
<dataflow id="86" from="res" to="StgValue_9" fromId="79" toId="9">
</dataflow>
<dataflow id="88" from="_ssdm_op_SpecTopModule" to="StgValue_10" fromId="87" toId="10">
</dataflow>
<dataflow id="90" from="matrixmul_str" to="StgValue_10" fromId="89" toId="10">
</dataflow>
<dataflow id="92" from="_ssdm_op_SpecInterface" to="StgValue_11" fromId="91" toId="11">
</dataflow>
<dataflow id="93" from="res" to="StgValue_11" fromId="79" toId="11">
</dataflow>
<dataflow id="95" from="p_str" to="StgValue_11" fromId="94" toId="11">
</dataflow>
<dataflow id="97" from="StgValue_96" to="StgValue_11" fromId="96" toId="11">
</dataflow>
<dataflow id="98" from="StgValue_96" to="StgValue_11" fromId="96" toId="11">
</dataflow>
<dataflow id="100" from="p_str1" to="StgValue_11" fromId="99" toId="11">
</dataflow>
<dataflow id="101" from="StgValue_96" to="StgValue_11" fromId="96" toId="11">
</dataflow>
<dataflow id="103" from="StgValue_102" to="StgValue_11" fromId="102" toId="11">
</dataflow>
<dataflow id="104" from="p_str1" to="StgValue_11" fromId="99" toId="11">
</dataflow>
<dataflow id="105" from="p_str1" to="StgValue_11" fromId="99" toId="11">
</dataflow>
<dataflow id="106" from="p_str1" to="StgValue_11" fromId="99" toId="11">
</dataflow>
<dataflow id="107" from="StgValue_96" to="StgValue_11" fromId="96" toId="11">
</dataflow>
<dataflow id="108" from="StgValue_96" to="StgValue_11" fromId="96" toId="11">
</dataflow>
<dataflow id="109" from="StgValue_96" to="StgValue_11" fromId="96" toId="11">
</dataflow>
<dataflow id="110" from="StgValue_96" to="StgValue_11" fromId="96" toId="11">
</dataflow>
<dataflow id="111" from="p_str1" to="StgValue_11" fromId="99" toId="11">
</dataflow>
<dataflow id="112" from="p_str1" to="StgValue_11" fromId="99" toId="11">
</dataflow>
<dataflow id="113" from="_ssdm_op_SpecInterface" to="StgValue_12" fromId="91" toId="12">
</dataflow>
<dataflow id="114" from="a" to="StgValue_12" fromId="77" toId="12">
</dataflow>
<dataflow id="115" from="p_str" to="StgValue_12" fromId="94" toId="12">
</dataflow>
<dataflow id="116" from="StgValue_96" to="StgValue_12" fromId="96" toId="12">
</dataflow>
<dataflow id="117" from="StgValue_96" to="StgValue_12" fromId="96" toId="12">
</dataflow>
<dataflow id="118" from="p_str1" to="StgValue_12" fromId="99" toId="12">
</dataflow>
<dataflow id="119" from="StgValue_96" to="StgValue_12" fromId="96" toId="12">
</dataflow>
<dataflow id="121" from="StgValue_120" to="StgValue_12" fromId="120" toId="12">
</dataflow>
<dataflow id="122" from="p_str1" to="StgValue_12" fromId="99" toId="12">
</dataflow>
<dataflow id="123" from="p_str1" to="StgValue_12" fromId="99" toId="12">
</dataflow>
<dataflow id="124" from="p_str1" to="StgValue_12" fromId="99" toId="12">
</dataflow>
<dataflow id="125" from="StgValue_96" to="StgValue_12" fromId="96" toId="12">
</dataflow>
<dataflow id="126" from="StgValue_96" to="StgValue_12" fromId="96" toId="12">
</dataflow>
<dataflow id="127" from="StgValue_96" to="StgValue_12" fromId="96" toId="12">
</dataflow>
<dataflow id="128" from="StgValue_96" to="StgValue_12" fromId="96" toId="12">
</dataflow>
<dataflow id="129" from="p_str1" to="StgValue_12" fromId="99" toId="12">
</dataflow>
<dataflow id="130" from="p_str1" to="StgValue_12" fromId="99" toId="12">
</dataflow>
<dataflow id="131" from="_ssdm_op_SpecInterface" to="StgValue_13" fromId="91" toId="13">
</dataflow>
<dataflow id="132" from="b" to="StgValue_13" fromId="78" toId="13">
</dataflow>
<dataflow id="133" from="p_str" to="StgValue_13" fromId="94" toId="13">
</dataflow>
<dataflow id="134" from="StgValue_96" to="StgValue_13" fromId="96" toId="13">
</dataflow>
<dataflow id="135" from="StgValue_96" to="StgValue_13" fromId="96" toId="13">
</dataflow>
<dataflow id="136" from="p_str1" to="StgValue_13" fromId="99" toId="13">
</dataflow>
<dataflow id="137" from="StgValue_96" to="StgValue_13" fromId="96" toId="13">
</dataflow>
<dataflow id="138" from="StgValue_120" to="StgValue_13" fromId="120" toId="13">
</dataflow>
<dataflow id="139" from="p_str1" to="StgValue_13" fromId="99" toId="13">
</dataflow>
<dataflow id="140" from="p_str1" to="StgValue_13" fromId="99" toId="13">
</dataflow>
<dataflow id="141" from="p_str1" to="StgValue_13" fromId="99" toId="13">
</dataflow>
<dataflow id="142" from="StgValue_96" to="StgValue_13" fromId="96" toId="13">
</dataflow>
<dataflow id="143" from="StgValue_96" to="StgValue_13" fromId="96" toId="13">
</dataflow>
<dataflow id="144" from="StgValue_96" to="StgValue_13" fromId="96" toId="13">
</dataflow>
<dataflow id="145" from="StgValue_96" to="StgValue_13" fromId="96" toId="13">
</dataflow>
<dataflow id="146" from="p_str1" to="StgValue_13" fromId="99" toId="13">
</dataflow>
<dataflow id="147" from="p_str1" to="StgValue_13" fromId="99" toId="13">
</dataflow>
<dataflow id="149" from="StgValue_148" to="i" fromId="148" toId="15">
<condition id="39">
<or_exp><and_exp></and_exp></or_exp>
</condition>
</dataflow>
<dataflow id="150" from="StgValue_14" to="i" fromId="14" toId="15">
</dataflow>
<dataflow id="151" from="i_1" to="i" fromId="20" toId="15">
<BackEdge/>
<condition id="40">
<or_exp><and_exp><literal name="exitcond1" val="1"/>
</and_exp></or_exp>
</condition>
</dataflow>
<dataflow id="152" from="StgValue_39" to="i" fromId="39" toId="15">
<BackEdge/>
</dataflow>
<dataflow id="154" from="_ssdm_op_BitConcatenate.i5.i3.i2" to="tmp_6" fromId="153" toId="16">
</dataflow>
<dataflow id="155" from="i" to="tmp_6" fromId="15" toId="16">
</dataflow>
<dataflow id="157" from="StgValue_156" to="tmp_6" fromId="156" toId="16">
</dataflow>
<dataflow id="158" from="tmp_6" to="tmp_7_cast" fromId="16" toId="17">
</dataflow>
<dataflow id="159" from="i" to="exitcond2" fromId="15" toId="18">
</dataflow>
<dataflow id="161" from="StgValue_160" to="exitcond2" fromId="160" toId="18">
</dataflow>
<dataflow id="163" from="_ssdm_op_SpecLoopTripCount" to="empty" fromId="162" toId="19">
</dataflow>
<dataflow id="165" from="StgValue_164" to="empty" fromId="164" toId="19">
</dataflow>
<dataflow id="166" from="StgValue_164" to="empty" fromId="164" toId="19">
</dataflow>
<dataflow id="167" from="StgValue_164" to="empty" fromId="164" toId="19">
</dataflow>
<dataflow id="168" from="i" to="i_1" fromId="15" toId="20">
</dataflow>
<dataflow id="170" from="StgValue_169" to="i_1" fromId="169" toId="20">
</dataflow>
<dataflow id="171" from="exitcond2" to="StgValue_21" fromId="18" toId="21">
</dataflow>
<dataflow id="173" from="_ssdm_op_SpecLoopName" to="StgValue_22" fromId="172" toId="22">
</dataflow>
<dataflow id="175" from="p_str2" to="StgValue_22" fromId="174" toId="22">
</dataflow>
<dataflow id="177" from="_ssdm_op_SpecRegionBegin" to="tmp_4" fromId="176" toId="23">
</dataflow>
<dataflow id="178" from="p_str2" to="tmp_4" fromId="174" toId="23">
</dataflow>
<dataflow id="179" from="StgValue_148" to="j" fromId="148" toId="26">
<condition id="41">
<or_exp><and_exp><literal name="exitcond2" val="0"/>
</and_exp></or_exp>
</condition>
</dataflow>
<dataflow id="180" from="StgValue_24" to="j" fromId="24" toId="26">
</dataflow>
<dataflow id="181" from="j_1" to="j" fromId="33" toId="26">
<BackEdge/>
<condition id="42">
<or_exp><and_exp><literal name="exitcond" val="1"/>
</and_exp></or_exp>
</condition>
</dataflow>
<dataflow id="182" from="StgValue_59" to="j" fromId="59" toId="26">
<BackEdge/>
</dataflow>
<dataflow id="183" from="j" to="j_cast2_cast" fromId="26" toId="27">
</dataflow>
<dataflow id="184" from="tmp_7_cast" to="tmp_8" fromId="17" toId="28">
</dataflow>
<dataflow id="185" from="j_cast2_cast" to="tmp_8" fromId="27" toId="28">
</dataflow>
<dataflow id="186" from="tmp_8" to="tmp_8_cast" fromId="28" toId="29">
</dataflow>
<dataflow id="187" from="res" to="res_addr" fromId="79" toId="30">
</dataflow>
<dataflow id="188" from="StgValue_96" to="res_addr" fromId="96" toId="30">
</dataflow>
<dataflow id="189" from="tmp_8_cast" to="res_addr" fromId="29" toId="30">
</dataflow>
<dataflow id="190" from="j" to="exitcond1" fromId="26" toId="31">
</dataflow>
<dataflow id="191" from="StgValue_160" to="exitcond1" fromId="160" toId="31">
</dataflow>
<dataflow id="192" from="_ssdm_op_SpecLoopTripCount" to="empty_2" fromId="162" toId="32">
</dataflow>
<dataflow id="193" from="StgValue_164" to="empty_2" fromId="164" toId="32">
</dataflow>
<dataflow id="194" from="StgValue_164" to="empty_2" fromId="164" toId="32">
</dataflow>
<dataflow id="195" from="StgValue_164" to="empty_2" fromId="164" toId="32">
</dataflow>
<dataflow id="196" from="j" to="j_1" fromId="26" toId="33">
</dataflow>
<dataflow id="197" from="StgValue_169" to="j_1" fromId="169" toId="33">
</dataflow>
<dataflow id="198" from="exitcond1" to="StgValue_34" fromId="31" toId="34">
</dataflow>
<dataflow id="199" from="_ssdm_op_SpecLoopName" to="StgValue_35" fromId="172" toId="35">
</dataflow>
<dataflow id="201" from="p_str3" to="StgValue_35" fromId="200" toId="35">
</dataflow>
<dataflow id="202" from="_ssdm_op_SpecRegionBegin" to="tmp_5" fromId="176" toId="36">
</dataflow>
<dataflow id="203" from="p_str3" to="tmp_5" fromId="200" toId="36">
</dataflow>
<dataflow id="205" from="_ssdm_op_SpecRegionEnd" to="empty_5" fromId="204" toId="38">
</dataflow>
<dataflow id="206" from="p_str2" to="empty_5" fromId="174" toId="38">
</dataflow>
<dataflow id="207" from="tmp_4" to="empty_5" fromId="23" toId="38">
</dataflow>
<dataflow id="209" from="StgValue_208" to="res_load" fromId="208" toId="40">
<condition id="43">
<or_exp><and_exp><literal name="exitcond1" val="0"/>
</and_exp></or_exp>
</condition>
</dataflow>
<dataflow id="210" from="StgValue_37" to="res_load" fromId="37" toId="40">
</dataflow>
<dataflow id="211" from="tmp_3" to="res_load" fromId="66" toId="40">
<BackEdge/>
<condition id="44">
<or_exp><and_exp></and_exp></or_exp>
</condition>
</dataflow>
<dataflow id="212" from="StgValue_67" to="res_load" fromId="67" toId="40">
<BackEdge/>
</dataflow>
<dataflow id="213" from="StgValue_148" to="k" fromId="148" toId="41">
<condition id="45">
<or_exp><and_exp><literal name="exitcond1" val="0"/>
</and_exp></or_exp>
</condition>
</dataflow>
<dataflow id="214" from="StgValue_37" to="k" fromId="37" toId="41">
</dataflow>
<dataflow id="215" from="k_1" to="k" fromId="54" toId="41">
<BackEdge/>
<condition id="46">
<or_exp><and_exp></and_exp></or_exp>
</condition>
</dataflow>
<dataflow id="216" from="StgValue_67" to="k" fromId="67" toId="41">
<BackEdge/>
</dataflow>
<dataflow id="217" from="res_load" to="StgValue_42" fromId="40" toId="42">
</dataflow>
<dataflow id="218" from="res_addr" to="StgValue_42" fromId="30" toId="42">
</dataflow>
<dataflow id="219" from="k" to="k_cast1_cast" fromId="41" toId="43">
</dataflow>
<dataflow id="220" from="k_cast1_cast" to="tmp_9" fromId="43" toId="44">
</dataflow>
<dataflow id="221" from="tmp_7_cast" to="tmp_9" fromId="17" toId="44">
</dataflow>
<dataflow id="222" from="tmp_9" to="tmp_9_cast" fromId="44" toId="45">
</dataflow>
<dataflow id="223" from="a" to="a_addr" fromId="77" toId="46">
</dataflow>
<dataflow id="224" from="StgValue_96" to="a_addr" fromId="96" toId="46">
</dataflow>
<dataflow id="225" from="tmp_9_cast" to="a_addr" fromId="45" toId="46">
</dataflow>
<dataflow id="226" from="_ssdm_op_BitConcatenate.i5.i3.i2" to="tmp_s" fromId="153" toId="47">
</dataflow>
<dataflow id="227" from="k" to="tmp_s" fromId="41" toId="47">
</dataflow>
<dataflow id="228" from="StgValue_156" to="tmp_s" fromId="156" toId="47">
</dataflow>
<dataflow id="229" from="tmp_s" to="tmp_11_cast" fromId="47" toId="48">
</dataflow>
<dataflow id="230" from="j_cast2_cast" to="tmp_7" fromId="27" toId="49">
</dataflow>
<dataflow id="231" from="tmp_11_cast" to="tmp_7" fromId="48" toId="49">
</dataflow>
<dataflow id="232" from="tmp_7" to="tmp_12_cast" fromId="49" toId="50">
</dataflow>
<dataflow id="233" from="b" to="b_addr" fromId="78" toId="51">
</dataflow>
<dataflow id="234" from="StgValue_96" to="b_addr" fromId="96" toId="51">
</dataflow>
<dataflow id="235" from="tmp_12_cast" to="b_addr" fromId="50" toId="51">
</dataflow>
<dataflow id="236" from="k" to="exitcond" fromId="41" toId="52">
</dataflow>
<dataflow id="237" from="StgValue_160" to="exitcond" fromId="160" toId="52">
</dataflow>
<dataflow id="238" from="_ssdm_op_SpecLoopTripCount" to="empty_3" fromId="162" toId="53">
</dataflow>
<dataflow id="239" from="StgValue_164" to="empty_3" fromId="164" toId="53">
</dataflow>
<dataflow id="240" from="StgValue_164" to="empty_3" fromId="164" toId="53">
</dataflow>
<dataflow id="241" from="StgValue_164" to="empty_3" fromId="164" toId="53">
</dataflow>
<dataflow id="242" from="k" to="k_1" fromId="41" toId="54">
</dataflow>
<dataflow id="243" from="StgValue_169" to="k_1" fromId="169" toId="54">
</dataflow>
<dataflow id="244" from="exitcond" to="StgValue_55" fromId="52" toId="55">
</dataflow>
<dataflow id="245" from="a_addr" to="a_load" fromId="46" toId="56">
</dataflow>
<dataflow id="246" from="b_addr" to="b_load" fromId="51" toId="57">
</dataflow>
<dataflow id="247" from="_ssdm_op_SpecRegionEnd" to="empty_4" fromId="204" toId="58">
</dataflow>
<dataflow id="248" from="p_str3" to="empty_4" fromId="200" toId="58">
</dataflow>
<dataflow id="249" from="tmp_5" to="empty_4" fromId="36" toId="58">
</dataflow>
<dataflow id="250" from="a_addr" to="a_load" fromId="46" toId="60">
</dataflow>
<dataflow id="251" from="a_load" to="tmp" fromId="60" toId="61">
</dataflow>
<dataflow id="252" from="b_addr" to="b_load" fromId="51" toId="62">
</dataflow>
<dataflow id="253" from="b_load" to="tmp_1" fromId="62" toId="63">
</dataflow>
<dataflow id="254" from="tmp_1" to="tmp_2" fromId="63" toId="64">
</dataflow>
<dataflow id="255" from="tmp" to="tmp_2" fromId="61" toId="64">
</dataflow>
<dataflow id="256" from="_ssdm_op_SpecLoopName" to="StgValue_65" fromId="172" toId="65">
</dataflow>
<dataflow id="258" from="p_str4" to="StgValue_65" fromId="257" toId="65">
</dataflow>
<dataflow id="259" from="res_load" to="tmp_3" fromId="40" toId="66">
</dataflow>
<dataflow id="260" from="tmp_2" to="tmp_3" fromId="64" toId="66">
</dataflow>
<dataflow id="261" from="exitcond2" to="StgValue_2" fromId="18" toId="2">
</dataflow>
<dataflow id="262" from="exitcond1" to="StgValue_3" fromId="31" toId="3">
</dataflow>
<dataflow id="263" from="exitcond" to="StgValue_4" fromId="52" toId="4">
</dataflow>
</dataflows>


</stg>
