<?xml version="1.0" encoding="UTF-8"?>
<vivadoHLSLog:LogRoot xmlns:vivadoHLSLog="www.xilinx.com/vivadoHLSLog">
  <errorLogs>
    <logs>
      <synLog/>
      <simLog/>
      <mgLog/>
      <packageLog/>
      <csimLog/>
    </logs>
  </errorLogs>
  <warningLogs>
    <logs>
      <synLog>
        <logs message="WARNING: [RTGEN 206-101] Setting dangling out port 'matrixmul/b_Din_B' to 0." projectName="Matrizes" solutionName="Pipeline" date="2016-11-19T14:12:09.426-0200" type="Warning"/>
        <logs message="WARNING: [RTGEN 206-101] Setting dangling out port 'matrixmul/b_WEN_B' to 0." projectName="Matrizes" solutionName="Pipeline" date="2016-11-19T14:12:09.411-0200" type="Warning"/>
        <logs message="WARNING: [RTGEN 206-101] Setting dangling out port 'matrixmul/b_Din_A' to 0." projectName="Matrizes" solutionName="Pipeline" date="2016-11-19T14:12:09.395-0200" type="Warning"/>
        <logs message="WARNING: [RTGEN 206-101] Setting dangling out port 'matrixmul/b_WEN_A' to 0." projectName="Matrizes" solutionName="Pipeline" date="2016-11-19T14:12:09.379-0200" type="Warning"/>
        <logs message="WARNING: [RTGEN 206-101] Setting dangling out port 'matrixmul/a_Din_B' to 0." projectName="Matrizes" solutionName="Pipeline" date="2016-11-19T14:12:09.379-0200" type="Warning"/>
        <logs message="WARNING: [RTGEN 206-101] Setting dangling out port 'matrixmul/a_WEN_B' to 0." projectName="Matrizes" solutionName="Pipeline" date="2016-11-19T14:12:09.364-0200" type="Warning"/>
        <logs message="WARNING: [RTGEN 206-101] Setting dangling out port 'matrixmul/a_Din_A' to 0." projectName="Matrizes" solutionName="Pipeline" date="2016-11-19T14:12:09.364-0200" type="Warning"/>
        <logs message="WARNING: [RTGEN 206-101] Setting dangling out port 'matrixmul/a_WEN_A' to 0." projectName="Matrizes" solutionName="Pipeline" date="2016-11-19T14:12:09.364-0200" type="Warning"/>
        <logs message="WARNING: [SCHED 204-69] Unable to schedule 'load' operation ('a_load_2', matrixmul.cpp:61) on array 'a' due to limited memory ports." projectName="Matrizes" solutionName="Pipeline" date="2016-11-19T14:12:08.925-0200" type="Warning"/>
        <logs message="WARNING: [HLS 200-51] Part 'xc3s500efg320-4' is only supported by ISE. Option '-tool vivado' is ignored." projectName="Matrizes" solutionName="Pipeline" date="2016-11-19T14:12:01.884-0200" type="Warning"/>
        <logs message="WARNING: [HLS 200-40] This current release of Vivado HLS is the last one supporting the following device families including any of their associated derivatives: Virtex-6, Virtex-5, Virtex-4, Spartan-6 and Spartan-3. These families will still be supported in the future but will require this current version of Vivado HLS or a previous one." projectName="Matrizes" solutionName="Pipeline" date="2016-11-19T14:12:01.730-0200" type="Warning"/>
        <logs message="WARNING: [HLS 200-40] This current release of Vivado HLS is the last one supporting the following device families including any of their associated derivatives: Virtex-6, Virtex-5, Virtex-4, Spartan-6 and Spartan-3. These families will still be supported in the future but will require this current version of Vivado HLS or a previous one." projectName="Matrizes" solutionName="Pipeline" date="2016-11-19T14:12:01.715-0200" type="Warning"/>
        <logs message="WARNING: [RTGEN 206-101] Setting dangling out port 'matrixmul/b_Din_A' to 0." projectName="Matrizes" solutionName="multicycle" date="2016-11-19T14:10:00.173-0200" type="Warning"/>
        <logs message="WARNING: [RTGEN 206-101] Setting dangling out port 'matrixmul/b_WEN_A' to 0." projectName="Matrizes" solutionName="multicycle" date="2016-11-19T14:10:00.157-0200" type="Warning"/>
        <logs message="WARNING: [RTGEN 206-101] Setting dangling out port 'matrixmul/a_Din_A' to 0." projectName="Matrizes" solutionName="multicycle" date="2016-11-19T14:10:00.157-0200" type="Warning"/>
        <logs message="WARNING: [RTGEN 206-101] Setting dangling out port 'matrixmul/a_WEN_A' to 0." projectName="Matrizes" solutionName="multicycle" date="2016-11-19T14:10:00.157-0200" type="Warning"/>
        <logs message="WARNING: [HLS 200-40] This current release of Vivado HLS is the last one supporting the following device families including any of their associated derivatives: Virtex-6, Virtex-5, Virtex-4, Spartan-6 and Spartan-3. These families will still be supported in the future but will require this current version of Vivado HLS or a previous one." projectName="Matrizes" solutionName="multicycle" date="2016-11-19T14:09:53.449-0200" type="Warning"/>
        <logs message="WARNING: [HLS 200-40] This current release of Vivado HLS is the last one supporting the following device families including any of their associated derivatives: Virtex-6, Virtex-5, Virtex-4, Spartan-6 and Spartan-3. These families will still be supported in the future but will require this current version of Vivado HLS or a previous one." projectName="Matrizes" solutionName="multicycle" date="2016-11-19T14:09:53.118-0200" type="Warning"/>
      </synLog>
      <simLog/>
      <mgLog/>
      <packageLog/>
      <csimLog/>
    </logs>
  </warningLogs>
</vivadoHLSLog:LogRoot>
